link,text,category,product
https://www.paspaley.com/jewellery/pearl-accessories/thin-leather-cascade-taupe,Thin Leather Cascade - Taupe,accessories,thin-leather-cascade-taupe
https://www.paspaley.com/jewellery/pearl-accessories/thin-leather-cascade-brown,Thin Leather Cascade - Brown,accessories,thin-leather-cascade-brown
https://www.paspaley.com/jewellery/pearl-accessories/thin-leather-cascade-blue,Thin Leather Cascade - Blue,accessories,thin-leather-cascade-blue
https://www.paspaley.com/jewellery/pearl-accessories/omega-chain-white-gold,Omega Chain - White Gold,accessories,omega-chain-white-gold
https://www.paspaley.com/jewellery/pearl-accessories/pearl-cufflinks-white-gold,Pearl Cufflinks - White Gold,accessories,pearl-cufflinks-white-gold
https://www.paspaley.com/jewellery/pearl-accessories/omega-chain-yellow-gold,Omega Chain - Yellow Gold,accessories,omega-chain-yellow-gold
https://www.paspaley.com/jewellery/pearl-accessories/long-trace-chain-white-gold,Long Trace Chain - White Gold,accessories,long-trace-chain-white-gold
https://www.paspaley.com/jewellery/pearl-accessories/fine-mirror-trace-chain-rose-gold,Fine Mirror Trace Chain - Rose Gold,accessories,fine-mirror-trace-chain-rose-gold
https://www.paspaley.com/jewellery/pearl-accessories/fine-mirror-trace-chain-yellow-gold,Fine Mirror Trace Chain - Yellow Gold,accessories,fine-mirror-trace-chain-yellow-gold
https://www.paspaley.com/jewellery/pearl-accessories/nitrile-bayonet-clasp-white-gold,Nitrile Bayonet Clasp - White Gold,accessories,nitrile-bayonet-clasp-white-gold
https://www.paspaley.com/jewellery/pearl-accessories/nitrile-bayonet-clasp-yellow-gold,Nitrile Bayonet Clasp - Yellow Gold,accessories,nitrile-bayonet-clasp-yellow-gold
https://www.paspaley.com/jewellery/pearl-accessories/fine-key-end-nitrile-yellow-gold,Fine Key End Nitrile - Yellow Gold,accessories,fine-key-end-nitrile-yellow-gold
https://www.paspaley.com/jewellery/pearl-accessories/fine-key-end-nitrile-white-gold,Fine Key End Nitrile - White Gold,accessories,fine-key-end-nitrile-white-gold
https://www.paspaley.com/jewellery/pearl-accessories/chalif-cascade-chain-yellow-gold,Chalif Cascade Chain - Yellow Gold,accessories,chalif-cascade-chain-yellow-gold
https://www.paspaley.com/jewellery/pearl-accessories/black-spinel-cascade-white-gold,Black Spinel Cascade - White Gold,accessories,black-spinel-cascade-white-gold
https://www.paspaley.com/jewellery/pearl-accessories/fine-mirror-trace-chain-white-gold,Fine Mirror Trace Chain - White Gold,accessories,fine-mirror-trace-chain-white-gold
https://www.paspaley.com/jewellery/pearl-accessories/paspaley-mother-of-pearl-shell,Paspaley Mother-of-Pearl shell,accessories,paspaley-mother-of-pearl-shell
https://www.paspaley.com/jewellery/pearl-bracelets/megisti-rockfall-bracelet-yellow-gold,MEGISTI ROCKFALL BRACELET - YELLOW GOLD,bracelets,megisti-rockfall-bracelet-yellow-gold
https://www.paspaley.com/jewellery/pearl-bracelets/megisti-pink-opal-bracelet,MEGISTI PINK OPAL BRACELET,bracelets,megisti-pink-opal-bracelet
https://www.paspaley.com/jewellery/pearl-bracelets/megisti-lapis-bracelet,MEGISTI LAPIS BRACELET,bracelets,megisti-lapis-bracelet
https://www.paspaley.com/jewellery/pearl-bracelets/megisti-bracelet-yellow-gold,MEGISTI BRACELET - YELLOW GOLD,bracelets,megisti-bracelet-yellow-gold
https://www.paspaley.com/jewellery/pearl-bracelets/megisti-bracelet-white-gold,MEGISTI BRACELET - WHITE GOLD,bracelets,megisti-bracelet-white-gold
https://www.paspaley.com/jewellery/pearl-bracelets/touchstone-sapphire-bracelet-yellow-gold,"Touchstone Sapphire 
Bracelet - Yellow Gold",bracelets,touchstone-sapphire-bracelet-yellow-gold
https://www.paspaley.com/jewellery/pearl-bracelets/touchstone-white-diamond-bracelet-yellow-gold,"Touchstone White Diamond 
Bracelet - Yellow Gold",bracelets,touchstone-white-diamond-bracelet-yellow-gold
https://www.paspaley.com/jewellery/pearl-bracelets/maxima-black-chain-bracelet,Maxima Black Chain Bracelet,bracelets,maxima-black-chain-bracelet
https://www.paspaley.com/jewellery/pearl-bracelets/maxima-bracelet-white-gold,Maxima Bracelet - White Gold,bracelets,maxima-bracelet-white-gold
https://www.paspaley.com/jewellery/pearl-bracelets/maxima-chain-bracelet-white-gold,Maxima Chain Bracelet - White Gold,bracelets,maxima-chain-bracelet-white-gold
https://www.paspaley.com/jewellery/pearl-bracelets/monsoon-wildflower-cuff-yellow-gold,Monsoon Wildflower Cuff - Yellow Gold,bracelets,monsoon-wildflower-cuff-yellow-gold
https://www.paspaley.com/jewellery/pearl-bracelets/rockpool-tanzanite-bracelet-platinum,Rockpool Tanzanite Bracelet - Platinum,bracelets,rockpool-tanzanite-bracelet-platinum
https://www.paspaley.com/jewellery/pearl-bracelets/maxima-chain-bracelet-yellow-gold,Maxima Chain Bracelet - Yellow Gold,bracelets,maxima-chain-bracelet-yellow-gold
https://www.paspaley.com/jewellery/pearl-bracelets/maxima-diamond-bracelet-yellow-gold,Maxima Diamond Bracelet - Yellow Gold,bracelets,maxima-diamond-bracelet-yellow-gold
https://www.paspaley.com/jewellery/pearl-bracelets/maxima-diamond-bracelet-white-gold,Maxima Diamond Bracelet - White Gold,bracelets,maxima-diamond-bracelet-white-gold
https://www.paspaley.com/jewellery/pearl-bracelets/maxima-bracelet-yellow-gold,Maxima Bracelet - Yellow Gold,bracelets,maxima-bracelet-yellow-gold
https://www.paspaley.com/jewellery/pearl-bracelets/paradis-bracelet-white-gold,Paradis Bracelet - White Gold,bracelets,paradis-bracelet-white-gold
https://www.paspaley.com/jewellery/pearl-bracelets/paradis-bracelet-yellow-gold,Paradis Bracelet - Yellow Gold,bracelets,paradis-bracelet-yellow-gold
https://www.paspaley.com/jewellery/pearl-bracelets/touchstone-black-diamond-bracelet-white-gold,"Touchstone Black Diamond 
Bracelet - White Gold",bracelets,touchstone-black-diamond-bracelet-white-gold
https://www.paspaley.com/jewellery/pearl-bracelets/touchstone-ruby-bracelet-yellow-gold,Touchstone Ruby Bracelet - Yellow Gold,bracelets,touchstone-ruby-bracelet-yellow-gold
https://www.paspaley.com/jewellery/pearl-bracelets/kimberley-onyx-bracelet-round-pearl,Kimberley Onyx Bracelet - Round Pearl,bracelets,kimberley-onyx-bracelet-round-pearl
https://www.paspaley.com/jewellery/pearl-bracelets/kimberley-onyx-bracelet-circle-pearl,Kimberley Onyx Bracelet - Circlé Pearl,bracelets,kimberley-onyx-bracelet-circle-pearl
https://www.paspaley.com/jewellery/pearl-bracelets/kimberley-bracelet-circle-pearl,Kimberley Bracelet - Circlé Pearl,bracelets,kimberley-bracelet-circle-pearl
https://www.paspaley.com/jewellery/pearl-bracelets/kimberley-bracelet-petite-circle-pearl,Kimberley Bracelet - Petite Circlé Pearl,bracelets,kimberley-bracelet-petite-circle-pearl
https://www.paspaley.com/jewellery/pearl-bracelets/kimberley-bracelet-button-pearl,Kimberley Bracelet - Button Pearl,bracelets,kimberley-bracelet-button-pearl
https://www.paspaley.com/jewellery/pearl-bracelets/kimberley-bracelet-petite-triangle-pearl,"Kimberley Bracelet - 
Petite Triangle pearl",bracelets,kimberley-bracelet-petite-triangle-pearl
https://www.paspaley.com/jewellery/pearl-bracelets/odyssey-pod-bracelet-yellow-gold,Odyssey Pod Bracelet - Yellow Gold,bracelets,odyssey-pod-bracelet-yellow-gold
https://www.paspaley.com/jewellery/pearl-clasps/touchstone-sapphire-clasp-yellow-gold,Touchstone Sapphire Clasp - Yellow Gold,clasps,touchstone-sapphire-clasp-yellow-gold
https://www.paspaley.com/jewellery/pearl-clasps/touchstone-sapphire-clasp-white-gold,Touchstone Sapphire Clasp - White Gold,clasps,touchstone-sapphire-clasp-white-gold
https://www.paspaley.com/jewellery/pearl-clasps/monsoon-budding-flower-clasp-yellow-gold,"Monsoon Budding Flower 
Clasp - Yellow Gold",clasps,monsoon-budding-flower-clasp-yellow-gold
https://www.paspaley.com/jewellery/pearl-clasps/monsoon-budding-flower-clasp-white-gold,"Monsoon Budding Flower 
Clasp - White Gold",clasps,monsoon-budding-flower-clasp-white-gold
https://www.paspaley.com/jewellery/pearl-clasps/rockpool-mother-of-pearl-clasp-yellow-gold,"Rockpool Mother-of-Pearl 
Clasp - Yellow Gold",clasps,rockpool-mother-of-pearl-clasp-yellow-gold
https://www.paspaley.com/jewellery/pearl-clasps/rockpool-mother-of-pearl-clasp-white-gold,"Rockpool Mother-of-Pearl 
Clasp - White Gold",clasps,rockpool-mother-of-pearl-clasp-white-gold
https://www.paspaley.com/jewellery/pearl-clasps/rockpool-pave-clasp-yellow-gold,Rockpool Pave Clasp - Yellow Gold,clasps,rockpool-pave-clasp-yellow-gold
https://www.paspaley.com/jewellery/pearl-clasps/rockpool-pave-clasp-white-gold,Rockpool Pave Clasp - White Gold,clasps,rockpool-pave-clasp-white-gold
https://www.paspaley.com/jewellery/pearl-clasps/maxima-clasp-white-gold,Maxima Clasp - White Gold,clasps,maxima-clasp-white-gold
https://www.paspaley.com/jewellery/pearl-clasps/maxima-clasp-yellow-gold,Maxima Clasp - Yellow Gold,clasps,maxima-clasp-yellow-gold
https://www.paspaley.com/jewellery/pearl-clasps/touchstone-diamond-clasp-yellow-gold,Touchstone Diamond Clasp - Yellow Gold,clasps,touchstone-diamond-clasp-yellow-gold
https://www.paspaley.com/jewellery/pearl-clasps/touchstone-black-diamond-clasp-white-gold,"Touchstone Black Diamond 
Clasp - White Gold",clasps,touchstone-black-diamond-clasp-white-gold
https://www.paspaley.com/jewellery/pearl-clasps/touchstone-ruby-clasp-yellow-gold,Touchstone Ruby Clasp - Yellow Gold,clasps,touchstone-ruby-clasp-yellow-gold
https://www.paspaley.com/jewellery/pearl-earrings/shepherd-hook-earrings-circle-white-gold,"Shepherd Hook Earrings 
Circle - White Gold",earrings,shepherd-hook-earrings-circle-white-gold
https://www.paspaley.com/jewellery/pearl-earrings/shepherd-hook-earrings-circle-yellow-gold,"Shepherd Hook Earrings 
Circle - Yellow Gold",earrings,shepherd-hook-earrings-circle-yellow-gold
https://www.paspaley.com/jewellery/pearl-earrings/shepherd-hook-earrings-oval-white-gold,Shepherd Hook Earrings Oval - White Gold,earrings,shepherd-hook-earrings-oval-white-gold
https://www.paspaley.com/jewellery/pearl-earrings/shepherd-hook-earrings-oval-yellow-gold,"Shepherd Hook Earrings 
Oval - Yellow Gold",earrings,shepherd-hook-earrings-oval-yellow-gold
https://www.paspaley.com/jewellery/pearl-earrings/diamond-shepherd-hook-earrings-round-yellow-gold,"Diamond Shepherd Hook 
Earrings Round - Yellow Gold",earrings,diamond-shepherd-hook-earrings-round-yellow-gold
https://www.paspaley.com/jewellery/pearl-earrings/diamond-shepherd-hook-earrings-round-white-gold,"Diamond Shepherd Hook 
Earrings Round - White Gold",earrings,diamond-shepherd-hook-earrings-round-white-gold
https://www.paspaley.com/jewellery/pearl-earrings/diamond-shepherd-hook-earrings-13mm-round-yellow-gold,"Diamond Shepherd Hook 
Earrings 13mm Round - Yellow Gold",earrings,diamond-shepherd-hook-earrings-13mm-round-yellow-gold
https://www.paspaley.com/jewellery/pearl-earrings/keshi-pearl-studs-7mm,Keshi Pearl Studs - 7mm,earrings,keshi-pearl-studs-7mm
https://www.paspaley.com/jewellery/pearl-earrings/keshi-pearl-studs-9mm,Keshi Pearl Studs - 9mm,earrings,keshi-pearl-studs-9mm
https://www.paspaley.com/jewellery/pearl-earrings/round-pearl-studs-9mm,Round Pearl Studs - 9mm,earrings,round-pearl-studs-9mm
https://www.paspaley.com/jewellery/pearl-earrings/button-pearl-studs-11mm,Button Pearl Studs - 11mm,earrings,button-pearl-studs-11mm
https://www.paspaley.com/jewellery/pearl-earrings/monsoon-earring-enhancer-yellow-gold,Monsoon Earring Enhancer - Yellow Gold,earrings,monsoon-earring-enhancer-yellow-gold
https://www.paspaley.com/jewellery/pearl-earrings/monsoon-earring-enhancer-white-gold,Monsoon Earring Enhancer - White Gold,earrings,monsoon-earring-enhancer-white-gold
https://www.paspaley.com/jewellery/pearl-earrings/megisti-lapis-hoop-earrings,MEGISTI LAPIS HOOP EARRINGS,earrings,megisti-lapis-hoop-earrings
https://www.paspaley.com/jewellery/pearl-earrings/megisti-lapis-earrings,MEGISTI LAPIS EARRINGS,earrings,megisti-lapis-earrings
https://www.paspaley.com/jewellery/pearl-earrings/touchstone-dew-drop-earrings-white-gold,"Touchstone Dew Drop 
Earrings - White Gold",earrings,touchstone-dew-drop-earrings-white-gold
https://www.paspaley.com/jewellery/pearl-earrings/maxima-studs-white-gold,Maxima Studs - White Gold,earrings,maxima-studs-white-gold
https://www.paspaley.com/jewellery/pearl-earrings/megisti-turquoise-hoop-earrings,MEGISTI TURQUOISE HOOP EARRINGS,earrings,megisti-turquoise-hoop-earrings
https://www.paspaley.com/jewellery/pearl-earrings/megisti-pink-opal-earrings,MEGISTI PINK OPAL EARRINGS,earrings,megisti-pink-opal-earrings
https://www.paspaley.com/jewellery/pearl-earrings/megisti-turquoise-earrings,MEGISTI TURQUOISE  EARRINGS,earrings,megisti-turquoise-earrings
https://www.paspaley.com/jewellery/pearl-earrings/maxima-opal-chandelier-earring-enhancer,Maxima Opal Chandelier Earring Enhancer,earrings,maxima-opal-chandelier-earring-enhancer
https://www.paspaley.com/jewellery/pearl-earrings/boronia-earrings,Boronia Earrings,earrings,boronia-earrings
https://www.paspaley.com/jewellery/pearl-earrings/touchstone-dew-drop-earrings-yellow-gold,"Touchstone Dew Drop 
Earrings -  Yellow Gold",earrings,touchstone-dew-drop-earrings-yellow-gold
https://www.paspaley.com/jewellery/pearl-earrings/lavalier-noir-earrings-rose-gold,Lavalier Noir Earrings - Rose Gold,earrings,lavalier-noir-earrings-rose-gold
https://www.paspaley.com/jewellery/pearl-earrings/lavalier-noir-earrings-black-opal,Lavalier Noir Earrings - Black Opal,earrings,lavalier-noir-earrings-black-opal
https://www.paspaley.com/jewellery/pearl-earrings/lavalier-noir-diamond-hero-earrings,Lavalier Noir Diamond Hero Earrings,earrings,lavalier-noir-diamond-hero-earrings
https://www.paspaley.com/jewellery/pearl-earrings/touchstone-sapphire-earrings-white-gold,"Touchstone Sapphire 
Earrings - White Gold",earrings,touchstone-sapphire-earrings-white-gold
https://www.paspaley.com/jewellery/pearl-earrings/megisti-pearl-earrings-yellow-gold,MEGISTI PEARL EARRINGS - YELLOW GOLD,earrings,megisti-pearl-earrings-yellow-gold
https://www.paspaley.com/jewellery/pearl-earrings/touchstone-sapphire-earrings-yellow-gold,"Touchstone Sapphire 
Earrings - Yellow Gold",earrings,touchstone-sapphire-earrings-yellow-gold
https://www.paspaley.com/jewellery/pearl-earrings/lavalier-opal-hero-earrings-rose-gold,Lavalier Opal Hero Earrings - Rose Gold,earrings,lavalier-opal-hero-earrings-rose-gold
https://www.paspaley.com/jewellery/pearl-earrings/lavalier-earrings-circle-white-gold,Lavalier Earrings Circlé - White Gold,earrings,lavalier-earrings-circle-white-gold
https://www.paspaley.com/jewellery/pearl-earrings/lavalier-earrings-circle-yellow-gold,Lavalier Earrings Circlé - Yellow Gold,earrings,lavalier-earrings-circle-yellow-gold
https://www.paspaley.com/jewellery/pearl-earrings/monsoon-chandelier-earrings-white-gold,Monsoon Chandelier Earrings - White Gold,earrings,monsoon-chandelier-earrings-white-gold
https://www.paspaley.com/jewellery/pearl-earrings/monsoon-budding-flower-earrings-yellow-gold,"Monsoon Budding Flower 
Earrings - Yellow Gold",earrings,monsoon-budding-flower-earrings-yellow-gold
https://www.paspaley.com/jewellery/pearl-earrings/monsoon-single-petal-earrings-yellow-gold,"Monsoon Single Petal 
Earrings - Yellow Gold",earrings,monsoon-single-petal-earrings-yellow-gold
https://www.paspaley.com/jewellery/pearl-earrings/monsoon-chandelier-earrings-yellow-gold,"Monsoon Chandelier 
Earrings - Yellow Gold",earrings,monsoon-chandelier-earrings-yellow-gold
https://www.paspaley.com/jewellery/pearl-earrings/monsoon-cicada-earrings-white-gold,Monsoon Cicada Earrings - White Gold,earrings,monsoon-cicada-earrings-white-gold
https://www.paspaley.com/jewellery/pearl-earrings/monsoon-double-petal-earrings-white-gold,"Monsoon Double Petal 
Earrings - White Gold",earrings,monsoon-double-petal-earrings-white-gold
https://www.paspaley.com/jewellery/pearl-earrings/monsoon-tsavorite-chandelier-earrings,Monsoon Tsavorite Chandelier Earrings,earrings,monsoon-tsavorite-chandelier-earrings
https://www.paspaley.com/jewellery/pearl-earrings/monsoon-cicada-earrings-yellow-gold,Monsoon Cicada Earrings - Yellow Gold,earrings,monsoon-cicada-earrings-yellow-gold
https://www.paspaley.com/jewellery/pearl-earrings/monsoon-double-petal-earrings-yellow-gold,"Monsoon Double Petal 
Earrings - Yellow Gold",earrings,monsoon-double-petal-earrings-yellow-gold
https://www.paspaley.com/jewellery/pearl-earrings/monsoon-budding-flower-earrings-white-gold,"Monsoon Budding Flower 
Earrings - White Gold",earrings,monsoon-budding-flower-earrings-white-gold
https://www.paspaley.com/jewellery/pearl-earrings/monsoon-single-petal-earrings-white-gold,"Monsoon Single Petal 
Earrings - White Gold",earrings,monsoon-single-petal-earrings-white-gold
https://www.paspaley.com/jewellery/pearl-earrings/grace-earrings-white-gold,Grace Earrings - White Gold,earrings,grace-earrings-white-gold
https://www.paspaley.com/jewellery/pearl-earrings/grace-earrings-yellow-gold,Grace Earrings - Yellow Gold,earrings,grace-earrings-yellow-gold
https://www.paspaley.com/jewellery/pearl-earrings/rockpool-clam-shell-earrings-white-gold,"Rockpool Clam Shell 
Earrings - White Gold",earrings,rockpool-clam-shell-earrings-white-gold
https://www.paspaley.com/jewellery/pearl-earrings/rockpool-clam-shell-earrings-yellow-gold,"Rockpool Clam Shell 
Earrings - Yellow Gold",earrings,rockpool-clam-shell-earrings-yellow-gold
https://www.paspaley.com/jewellery/pearl-earrings/dolce-earrings-white-gold,Dolce Earrings - White Gold,earrings,dolce-earrings-white-gold
https://www.paspaley.com/jewellery/pearl-earrings/dew-drop-earrings-platinum,Dew Drop Earrings - Platinum,earrings,dew-drop-earrings-platinum
https://www.paspaley.com/jewellery/pearl-earrings/dew-drop-earrings-yellow-gold,Dew Drop Earrings - Yellow Gold,earrings,dew-drop-earrings-yellow-gold
https://www.paspaley.com/jewellery/pearl-earrings/touchstone-ruby-earrings-yellow-gold,Touchstone Ruby Earrings - Yellow Gold,earrings,touchstone-ruby-earrings-yellow-gold
https://www.paspaley.com/jewellery/pearl-earrings/touchstone-black-diamond-earrings-white-gold,"Touchstone Black Diamond 
Earrings - White Gold",earrings,touchstone-black-diamond-earrings-white-gold
https://www.paspaley.com/jewellery/pearl-earrings/maxima-irukandji-earrings-white-gold,Maxima Irukandji Earrings - White Gold,earrings,maxima-irukandji-earrings-white-gold
https://www.paspaley.com/jewellery/pearl-earrings/maxima-black-studs-white-gold,Maxima Black Studs - White Gold,earrings,maxima-black-studs-white-gold
https://www.paspaley.com/jewellery/pearl-earrings/rockpool-pave-shell-earrings-white-gold,"Rockpool Pave Shell 
Earrings - White Gold",earrings,rockpool-pave-shell-earrings-white-gold
https://www.paspaley.com/jewellery/pearl-earrings/rockpool-pave-shell-earrings-yellow-gold,"Rockpool Pave Shell 
Earrings - Yellow Gold",earrings,rockpool-pave-shell-earrings-yellow-gold
https://www.paspaley.com/jewellery/pearl-earrings/rockpool-paraiba-earrings-platinum,Rockpool Paraiba Earrings - Platinum,earrings,rockpool-paraiba-earrings-platinum
https://www.paspaley.com/jewellery/pearl-earrings/rockpool-cluster-earrings-platinum,Rockpool Cluster Earrings - Platinum,earrings,rockpool-cluster-earrings-platinum
https://www.paspaley.com/jewellery/pearl-earrings/maxima-pearls-my-way-earrings-yellow-gold,"Maxima Pearls My Way 
Earrings - Yellow Gold",earrings,maxima-pearls-my-way-earrings-yellow-gold
https://www.paspaley.com/jewellery/pearl-earrings/maxima-stud-earrings-yellow-gold,Maxima Stud Earrings - Yellow Gold,earrings,maxima-stud-earrings-yellow-gold
https://www.paspaley.com/jewellery/pearl-earrings/maxima-pearl-earrings-white-gold,Maxima Pearl Earrings - White Gold,earrings,maxima-pearl-earrings-white-gold
https://www.paspaley.com/jewellery/pearl-earrings/pearls-my-way-10mm-oval-earrings-white-gold,"Pearls My Way 10mm Oval 
Earrings - White Gold",earrings,pearls-my-way-10mm-oval-earrings-white-gold
https://www.paspaley.com/jewellery/pearl-earrings/pearls-my-way-10mm-circle-earrings-yellow-gold,"Pearls My Way 10mm Circle 
Earrings - Yellow Gold",earrings,pearls-my-way-10mm-circle-earrings-yellow-gold
https://www.paspaley.com/jewellery/pearl-earrings/pearls-my-way-diamond-earrings-12mm-oval-white-gold,"Pearls My Way Diamond 
Earrings 12mm Oval  - White Gold",earrings,pearls-my-way-diamond-earrings-12mm-oval-white-gold
https://www.paspaley.com/jewellery/pearl-earrings/pearls-my-way-diamond-earrings-10mm-oval-yellow-gold,"Pearls My Way Diamond 
Earrings 10mm Oval - Yellow Gold",earrings,pearls-my-way-diamond-earrings-10mm-oval-yellow-gold
https://www.paspaley.com/jewellery/pearl-earrings/pearls-my-way-pave-earrings-13mm-round-white-gold,"Pearls My Way Pave 
Earrings 13mm Round - White Gold",earrings,pearls-my-way-pave-earrings-13mm-round-white-gold
https://www.paspaley.com/jewellery/pearl-earrings/diamond-touchstone-earrings-14mm-baroque-white-gold,"Diamond Touchstone 
Earrings 14mm Baroque  - White Gold",earrings,diamond-touchstone-earrings-14mm-baroque-white-gold
https://www.paspaley.com/jewellery/pearl-earrings/diamond-touchstone-earrings-12mm-oval-yellow-gold,"Diamond Touchstone 
Earrings 12mm Oval  - Yellow Gold",earrings,diamond-touchstone-earrings-12mm-oval-yellow-gold
https://www.paspaley.com/jewellery/pearl-earrings/maxima-pearls-my-way-rose-gold,Maxima Pearls My Way – Rose Gold,earrings,maxima-pearls-my-way-rose-gold
https://www.paspaley.com/jewellery/pearl-earrings/maxima-studs-rose-gold,Maxima Studs – Rose Gold,earrings,maxima-studs-rose-gold
https://www.paspaley.com/jewellery/pearl-necklaces/lavalier-circle-rose-gold,Lavalier Circlé - Rose Gold,necklaces,lavalier-circle-rose-gold
https://www.paspaley.com/jewellery/pearl-necklaces/lavalier-petite-diamond-rose-gold,Lavalier Petite Diamond - Rose Gold,necklaces,lavalier-petite-diamond-rose-gold
https://www.paspaley.com/jewellery/pearl-necklaces/lavalier-petite-circle-yellow-gold,Lavalier Petite Circlé - Yellow Gold,necklaces,lavalier-petite-circle-yellow-gold
https://www.paspaley.com/jewellery/pearl-necklaces/lavalier-petite-circle-white-gold,Lavalier Petite Circlé - White Gold,necklaces,lavalier-petite-circle-white-gold
https://www.paspaley.com/jewellery/pearl-necklaces/lavalier-opal-hero-rose-gold,Lavalier Opal Hero - Rose Gold,necklaces,lavalier-opal-hero-rose-gold
https://www.paspaley.com/jewellery/pearl-necklaces/lavalier-circle-yellow-gold,Lavalier Circlé - Yellow Gold,necklaces,lavalier-circle-yellow-gold
https://www.paspaley.com/jewellery/pearl-necklaces/lavalier-circle-white-gold,Lavalier Circlé - White Gold,necklaces,lavalier-circle-white-gold
https://www.paspaley.com/jewellery/pearl-necklaces/grace-pendant-rose-gold,Grace Pendant - Rose Gold,necklaces,grace-pendant-rose-gold
https://www.paspaley.com/jewellery/pearl-necklaces/large-grace-pendant-white-gold,Large Grace Pendant - White Gold,necklaces,large-grace-pendant-white-gold
https://www.paspaley.com/jewellery/pearl-necklaces/grace-pendant-white-gold,Grace Pendant - White Gold,necklaces,grace-pendant-white-gold
https://www.paspaley.com/jewellery/pearl-necklaces/grace-pendant-yellow-gold,Grace Pendant - Yellow Gold,necklaces,grace-pendant-yellow-gold
https://www.paspaley.com/jewellery/pearl-necklaces/oval-bella-petite-pendant-yellow-gold,Oval Bella Petite Pendant - Yellow Gold,necklaces,oval-bella-petite-pendant-yellow-gold
https://www.paspaley.com/jewellery/pearl-necklaces/bella-pendant-white-gold,Bella Pendant - White Gold,necklaces,bella-pendant-white-gold
https://www.paspaley.com/jewellery/pearl-necklaces/circle-bella-petite-pendant-yellow-gold,"Circlé Bella Petite 
Pendant - Yellow Gold",necklaces,circle-bella-petite-pendant-yellow-gold
https://www.paspaley.com/jewellery/pearl-necklaces/oval-bella-petite-pendant-white-gold,Oval Bella Petite Pendant - White Gold,necklaces,oval-bella-petite-pendant-white-gold
https://www.paspaley.com/jewellery/pearl-necklaces/circle-bella-petite-pendant-white-gold,Circlé Bella Petite Pendant - White Gold,necklaces,circle-bella-petite-pendant-white-gold
https://www.paspaley.com/jewellery/pearl-necklaces/large-grace-pendant-yellow-gold,Large Grace Pendant - Yellow Gold,necklaces,large-grace-pendant-yellow-gold
https://www.paspaley.com/jewellery/pearl-necklaces/megisti-necklet-yellow-gold,MEGISTI NECKLET - YELLOW GOLD,necklaces,megisti-necklet-yellow-gold
https://www.paspaley.com/jewellery/pearl-necklaces/megisti-lapis-sautoir,MEGISTI LAPIS SAUTOIR,necklaces,megisti-lapis-sautoir
https://www.paspaley.com/jewellery/pearl-necklaces/megisti-necklace-yellow-gold,MEGISTI NECKLACE - YELLOW GOLD,necklaces,megisti-necklace-yellow-gold
https://www.paspaley.com/jewellery/pearl-necklaces/touchstone-sapphire-necklace-yellow-gold,"Touchstone Sapphire 
Necklace - Yellow Gold",necklaces,touchstone-sapphire-necklace-yellow-gold
https://www.paspaley.com/jewellery/pearl-necklaces/megisti-lapis-collier,MEGISTI LAPIS COLLIER,necklaces,megisti-lapis-collier
https://www.paspaley.com/jewellery/pearl-necklaces/touchstone-diamond-tassle-yellow-gold,Touchstone Diamond Tassle - Yellow Gold,necklaces,touchstone-diamond-tassle-yellow-gold
https://www.paspaley.com/jewellery/pearl-necklaces/megisti-necklet-white-gold,MEGISTI NECKLET - WHITE GOLD,necklaces,megisti-necklet-white-gold
https://www.paspaley.com/jewellery/pearl-necklaces/touchstone-sapphire-necklace-white-gold,"Touchstone Sapphire 
Necklace - White Gold",necklaces,touchstone-sapphire-necklace-white-gold
https://www.paspaley.com/jewellery/pearl-necklaces/megisti-long-lapis-necklace,MEGISTI LONG LAPIS NECKLACE,necklaces,megisti-long-lapis-necklace
https://www.paspaley.com/jewellery/pearl-necklaces/megisti-pink-opal-collier,MEGISTI PINK OPAL COLLIER,necklaces,megisti-pink-opal-collier
https://www.paspaley.com/jewellery/pearl-necklaces/touchstone-long-blue-sapphire-necklace-white-gold,"Touchstone Long Blue 
Sapphire Necklace - White Gold",necklaces,touchstone-long-blue-sapphire-necklace-white-gold
https://www.paspaley.com/jewellery/pearl-necklaces/touchstone-pink-sapphire-necklace-yellow-gold,"Touchstone Pink Sapphire 
Necklace - Yellow Gold",necklaces,touchstone-pink-sapphire-necklace-yellow-gold
https://www.paspaley.com/jewellery/pearl-necklaces/boronia-pendant,Boronia Pendant,necklaces,boronia-pendant
https://www.paspaley.com/jewellery/pearl-necklaces/lavalier-noir-diamond-hero-white-gold,Lavalier Noir Diamond Hero - White Gold,necklaces,lavalier-noir-diamond-hero-white-gold
https://www.paspaley.com/jewellery/pearl-necklaces/lavalier-noir-black-opal,Lavalier Noir - Black Opal,necklaces,lavalier-noir-black-opal
https://www.paspaley.com/jewellery/pearl-necklaces/lavalier-noir-rose-gold,Lavalier Noir - Rose Gold,necklaces,lavalier-noir-rose-gold
https://www.paspaley.com/jewellery/pearl-necklaces/maxima-rope-necklace-white-gold,Maxima Rope Necklace - White Gold,necklaces,maxima-rope-necklace-white-gold
https://www.paspaley.com/jewellery/pearl-necklaces/maxima-necklet-white-gold,Maxima Necklet - White Gold,necklaces,maxima-necklet-white-gold
https://www.paspaley.com/jewellery/pearl-necklaces/touchstone-ruby-12mm-round-pendant-yellow-gold,"Touchstone Ruby 12mm Round
 Pendant - Yellow Gold",necklaces,touchstone-ruby-12mm-round-pendant-yellow-gold
https://www.paspaley.com/jewellery/pearl-necklaces/diamond-touchstone-pendant-13mm-oval-yellow-gold,"Diamond Touchstone Pendant
 13mm Oval  - Yellow Gold",necklaces,diamond-touchstone-pendant-13mm-oval-yellow-gold
https://www.paspaley.com/jewellery/pearl-necklaces/pearls-my-way-pave-pendant-14mm-round-white-gold,"Pearls My Way Pave Pendant
 14mm Round - White Gold",necklaces,pearls-my-way-pave-pendant-14mm-round-white-gold
https://www.paspaley.com/jewellery/pearl-necklaces/monsoon-wildflower-collier-yellow-gold,Monsoon Wildflower Collier - Yellow Gold,necklaces,monsoon-wildflower-collier-yellow-gold
https://www.paspaley.com/jewellery/pearl-necklaces/monsoon-large-cicada-pendant-yellow-gold,"Monsoon Large Cicada 
Pendant - Yellow Gold",necklaces,monsoon-large-cicada-pendant-yellow-gold
https://www.paspaley.com/jewellery/pearl-necklaces/monsoon-large-cicada-pendant-white-gold,"Monsoon Large Cicada 
Pendant - White Gold",necklaces,monsoon-large-cicada-pendant-white-gold
https://www.paspaley.com/jewellery/pearl-necklaces/monsoon-budding-flower-pendant-yellow-gold,"Monsoon Budding Flower 
Pendant - Yellow Gold",necklaces,monsoon-budding-flower-pendant-yellow-gold
https://www.paspaley.com/jewellery/pearl-necklaces/monsoon-budding-flower-pendant-white-gold,"Monsoon Budding Flower 
Pendant - White Gold",necklaces,monsoon-budding-flower-pendant-white-gold
https://www.paspaley.com/jewellery/pearl-necklaces/monsoon-petal-pendant-necklace-yellow-gold,"Monsoon Petal Pendant 
Necklace - Yellow Gold",necklaces,monsoon-petal-pendant-necklace-yellow-gold
https://www.paspaley.com/jewellery/pearl-necklaces/maxima-rope-necklace-rose-gold,Maxima Rope Necklace – Rose Gold,necklaces,maxima-rope-necklace-rose-gold
https://www.paspaley.com/jewellery/pearl-necklaces/maxima-necklet-rose-gold,Maxima Necklet – Rose Gold,necklaces,maxima-necklet-rose-gold
https://www.paspaley.com/jewellery/pearl-necklaces/maxima-chain-necklace-rose-gold,Maxima Chain Necklace – Rose Gold,necklaces,maxima-chain-necklace-rose-gold
https://www.paspaley.com/jewellery/pearl-necklaces/maxima-pearl-rope-necklace-yellow-gold,Maxima Pearl Rope Necklace - Yellow Gold,necklaces,maxima-pearl-rope-necklace-yellow-gold
https://www.paspaley.com/jewellery/pearl-necklaces/maxima-single-pearl-necklace-white-gold,"Maxima Single Pearl 
Necklace - White Gold",necklaces,maxima-single-pearl-necklace-white-gold
https://www.paspaley.com/jewellery/pearl-necklaces/bella-pendant-yellow-gold,Bella Pendant - Yellow Gold,necklaces,bella-pendant-yellow-gold
https://www.paspaley.com/jewellery/pearl-necklaces/palais-pearl-necklace-rose-gold,Palais Pearl Necklace - Rose Gold,necklaces,palais-pearl-necklace-rose-gold
https://www.paspaley.com/jewellery/pearl-necklaces/palais-pearl-necklace-yellow-gold,Palais Pearl Necklace - Yellow Gold,necklaces,palais-pearl-necklace-yellow-gold
https://www.paspaley.com/jewellery/pearl-necklaces/palais-pearl-necklace-white-gold,Palais Pearl Necklace - White Gold,necklaces,palais-pearl-necklace-white-gold
https://www.paspaley.com/jewellery/pearl-necklaces/semi-round-pearl-swap-yellow-gold,Semi Round Pearl Swap - Yellow Gold,necklaces,semi-round-pearl-swap-yellow-gold
https://www.paspaley.com/jewellery/pearl-necklaces/baroque-pearl-swap-white-gold,Baroque Pearl Swap - White Gold,necklaces,baroque-pearl-swap-white-gold
https://www.paspaley.com/jewellery/pearl-necklaces/rockpool-pendant-yellow-gold,Rockpool Pendant - Yellow Gold,necklaces,rockpool-pendant-yellow-gold
https://www.paspaley.com/jewellery/pearl-necklaces/rockpool-pendant-white-gold,Rockpool Pendant - White Gold,necklaces,rockpool-pendant-white-gold
https://www.paspaley.com/jewellery/pearl-necklaces/rockpool-petite-pendant-yellow-gold,Rockpool Petite Pendant - Yellow Gold,necklaces,rockpool-petite-pendant-yellow-gold
https://www.paspaley.com/jewellery/pearl-necklaces/rockpool-petite-pendant-white-gold,Rockpool Petite Pendant - White Gold,necklaces,rockpool-petite-pendant-white-gold
https://www.paspaley.com/jewellery/pearl-necklaces/rockpool-tanzanite-collier-platinum,Rockpool Tanzanite Collier - Platinum,necklaces,rockpool-tanzanite-collier-platinum
https://www.paspaley.com/jewellery/pearl-necklaces/rockpool-paraiba-collier-platinum,Rockpool Paraiba Collier - Platinum,necklaces,rockpool-paraiba-collier-platinum
https://www.paspaley.com/jewellery/pearl-necklaces/rockpool-short-chain-yellow-gold,Rockpool Short Chain - Yellow Gold,necklaces,rockpool-short-chain-yellow-gold
https://www.paspaley.com/jewellery/pearl-necklaces/rockpool-long-chain-white-gold,Rockpool Long Chain - White Gold,necklaces,rockpool-long-chain-white-gold
https://www.paspaley.com/jewellery/pearl-necklaces/maxima-black-rope-necklace-white-gold,Maxima Black Rope Necklace - White Gold,necklaces,maxima-black-rope-necklace-white-gold
https://www.paspaley.com/jewellery/pearl-necklaces/maxima-black-necklet-white-gold,Maxima Black Necklet - White Gold,necklaces,maxima-black-necklet-white-gold
https://www.paspaley.com/jewellery/pearl-necklaces/maxima-rope-necklace-yellow-gold,Maxima Rope Necklace - Yellow Gold,necklaces,maxima-rope-necklace-yellow-gold
https://www.paspaley.com/jewellery/pearl-necklaces/maxima-necklet-yellow-gold,Maxima Necklet - Yellow Gold,necklaces,maxima-necklet-yellow-gold
https://www.paspaley.com/jewellery/pearl-necklaces/touchstone-black-diamond-necklace-white-gold,"Touchstone Black Diamond 
Necklace - White Gold",necklaces,touchstone-black-diamond-necklace-white-gold
https://www.paspaley.com/jewellery/pearl-necklaces/touchstone-ruby-tassel-yellow-gold,Touchstone Ruby Tassel - Yellow Gold,necklaces,touchstone-ruby-tassel-yellow-gold
https://www.paspaley.com/jewellery/pearl-necklaces/touchstone-ruby-necklace-yellow-gold,Touchstone Ruby Necklace - Yellow Gold,necklaces,touchstone-ruby-necklace-yellow-gold
https://www.paspaley.com/jewellery/pearl-necklaces/touchstone-long-ruby-necklace-yellow-gold,"Touchstone Long Ruby 
Necklace - Yellow Gold",necklaces,touchstone-long-ruby-necklace-yellow-gold
https://www.paspaley.com/jewellery/pearl-rings/megisti-pink-opal-ring,MEGISTI PINK OPAL RING,rings,megisti-pink-opal-ring
https://www.paspaley.com/jewellery/pearl-rings/megisti-turquoise-cocktail-ring,MEGISTI TURQUOISE COCKTAIL RING,rings,megisti-turquoise-cocktail-ring
https://www.paspaley.com/jewellery/pearl-rings/megisti-turquoise-ring,MEGISTI TURQUOISE RING,rings,megisti-turquoise-ring
https://www.paspaley.com/jewellery/pearl-rings/megisti-lapis-ring,MEGISTI LAPIS RING,rings,megisti-lapis-ring
https://www.paspaley.com/jewellery/pearl-rings/touchstone-sapphire-ring-yellow-gold,Touchstone Sapphire Ring - Yellow Gold,rings,touchstone-sapphire-ring-yellow-gold
https://www.paspaley.com/jewellery/pearl-rings/touchstone-sapphire-ring-white-gold,Touchstone Sapphire Ring - White Gold,rings,touchstone-sapphire-ring-white-gold
https://www.paspaley.com/jewellery/pearl-rings/touchstone-tsavorite-ring-white-gold,Touchstone Tsavorite Ring - White Gold,rings,touchstone-tsavorite-ring-white-gold
https://www.paspaley.com/jewellery/pearl-rings/touchstone-diamond-ring-white-gold,Touchstone Diamond Ring - White Gold,rings,touchstone-diamond-ring-white-gold
https://www.paspaley.com/jewellery/pearl-rings/maxima-black-snake-ring-white-gold,Maxima Black Snake Ring - White Gold,rings,maxima-black-snake-ring-white-gold
https://www.paspaley.com/jewellery/pearl-rings/maxima-ring-white-gold,Maxima Ring - White Gold,rings,maxima-ring-white-gold
https://www.paspaley.com/jewellery/pearl-rings/monsoon-wildflower-ring-yellow-gold,Monsoon Wildflower Ring - Yellow Gold,rings,monsoon-wildflower-ring-yellow-gold
https://www.paspaley.com/jewellery/pearl-rings/monsoon-large-button-ring-yellow-gold,Monsoon Large Button Ring - Yellow Gold,rings,monsoon-large-button-ring-yellow-gold
https://www.paspaley.com/jewellery/pearl-rings/monsoon-large-button-ring-white-gold,Monsoon Large Button Ring - White Gold,rings,monsoon-large-button-ring-white-gold
https://www.paspaley.com/jewellery/pearl-rings/monsoon-wrap-ring-yellow-gold,Monsoon Wrap Ring - Yellow Gold,rings,monsoon-wrap-ring-yellow-gold
https://www.paspaley.com/jewellery/pearl-rings/monsoon-wrap-ring-white-gold,Monsoon Wrap Ring - White Gold,rings,monsoon-wrap-ring-white-gold
https://www.paspaley.com/jewellery/pearl-rings/maxima-snake-ring-rose-gold,Maxima Snake Ring – Rose Gold,rings,maxima-snake-ring-rose-gold
https://www.paspaley.com/jewellery/pearl-rings/maxima-ring-rose-gold,Maxima Ring – Rose Gold,rings,maxima-ring-rose-gold
https://www.paspaley.com/jewellery/pearl-rings/maxima-black-ring-white-gold,Maxima Black Ring - White Gold,rings,maxima-black-ring-white-gold
https://www.paspaley.com/jewellery/pearl-rings/maxima-ring-yellow-gold,Maxima Ring - Yellow Gold,rings,maxima-ring-yellow-gold
https://www.paspaley.com/jewellery/pearl-rings/touchstone-diamond-ring-yellow-gold,Touchstone Diamond Ring - Yellow Gold,rings,touchstone-diamond-ring-yellow-gold
https://www.paspaley.com/jewellery/pearl-rings/touchstone-black-diamond-ring-white-gold,"Touchstone Black Diamond 
Ring - White Gold",rings,touchstone-black-diamond-ring-white-gold
https://www.paspaley.com/jewellery/pearl-rings/julia-ring-yellow-gold,Julia Ring - Yellow Gold,rings,julia-ring-yellow-gold
https://www.paspaley.com/jewellery/pearl-rings/julia-ring-white-gold,Julia Ring - White Gold,rings,julia-ring-white-gold
https://www.paspaley.com/jewellery/pearl-rings/keshi-eternity-ring-yellow-gold,Keshi Eternity Ring - Yellow Gold,rings,keshi-eternity-ring-yellow-gold
https://www.paspaley.com/jewellery/pearl-rings/keshi-eternity-ring-white-gold,Keshi Eternity Ring - White Gold,rings,keshi-eternity-ring-white-gold
https://www.paspaley.com/jewellery/pearl-rings/pave-cherish-ring-yellow-gold,Pave Cherish Ring - Yellow Gold,rings,pave-cherish-ring-yellow-gold
https://www.paspaley.com/jewellery/pearl-rings/pave-cherish-ring-white-gold,Pavé Cherish Ring - White Gold,rings,pave-cherish-ring-white-gold
https://www.paspaley.com/jewellery/pearl-rings/embrace-the-sea-ring-yellow-gold,Embrace the Sea Ring - Yellow Gold,rings,embrace-the-sea-ring-yellow-gold
https://www.paspaley.com/jewellery/pearl-rings/rockpool-ring-white-gold,Rockpool Ring - White Gold,rings,rockpool-ring-white-gold
https://www.paspaley.com/jewellery/pearl-rings/touchstone-ruby-ring-yellow-gold,Touchstone Ruby Ring - Yellow Gold,rings,touchstone-ruby-ring-yellow-gold
