product_link,product_name
https://www.paspaley.com/jewellery/round-pearl-swap-yellow-gold,Round Pearl Swap - Yellow Gold
https://www.paspaley.com/pearl-collections/touchstone-ruby-clasp-yellow-gold,Touchstone Ruby Clasp - Yellow Gold
https://www.paspaley.com/pearl-collections/touchstone-black-diamond-clasp-white-gold,Touchstone Black Diamond Clasp - White Gold
https://www.paspaley.com/pearl-collections/touchstone-diamond-clasp-yellow-gold,Touchstone Diamond Clasp - Yellow Gold
https://www.paspaley.com/pearl-collections/maxima-clasp-yellow-gold,Maxima Clasp - Yellow Gold
https://www.paspaley.com/pearl-collections/maxima-clasp-white-gold,Maxima Clasp - White Gold
https://www.paspaley.com/jewellery/rockpool-pave-clasp-white-gold,Rockpool Pave Clasp - White Gold
https://www.paspaley.com/jewellery/rockpool-pave-clasp-yellow-gold,Rockpool Pave Clasp - Yellow Gold
https://www.paspaley.com/jewellery/rockpool-mother-of-pearl-clasp-white-gold,Rockpool Mother-of-Pearl Clasp - White Gold
https://www.paspaley.com/jewellery/rockpool-mother-of-pearl-clasp-yellow-gold,Rockpool Mother-of-Pearl Clasp - Yellow Gold
https://www.paspaley.com/pearl-collections/paspaley-mother-of-pearl-shell,Paspaley Mother-of-Pearl shell
https://www.paspaley.com/pearl-collections/pearl-cufflinks-white-gold,Pearl Cufflinks - White Gold
https://www.paspaley.com/pearl-collections/chalif-cascade-chain-yellow-gold,Chalif Cascade Chain - Yellow Gold
https://www.paspaley.com/pearl-collections/keshi-pearl-studs-7mm,Keshi Pearl Studs - 7mm
https://www.paspaley.com/pearl-collections/grace-earrings-white-gold,Grace Earrings - White Gold
https://www.paspaley.com/pearl-collections/grace-earrings-yellow-gold,Grace Earrings - Yellow Gold
https://www.paspaley.com/pearl-collections/grace-pendant-white-gold,Grace Pendant - White Gold
https://www.paspaley.com/pearl-collections/grace-pendant-yellow-gold,Grace Pendant - Yellow Gold
https://www.paspaley.com/pearl-collections/large-grace-pendant-yellow-gold,Large Grace Pendant - Yellow Gold
https://www.paspaley.com/pearl-collections/long-trace-chain-white-gold,Long Trace Chain - White Gold
https://www.paspaley.com/jewellery/kimberley-onyx-bracelet-circle-pearl,Kimberley Onyx Bracelet - Circle Pearl
https://www.paspaley.com/jewellery/kimberley-onyx-bracelet-round-pearl,Kimberley Onyx Bracelet - Round Pearl
https://www.paspaley.com/jewellery/lavalier-circlé-white-gold,Lavalier Circlé - White Gold
https://www.paspaley.com/jewellery/lavalier-circlé-yellow-gold,Lavalier Circlé - Yellow Gold
https://www.paspaley.com/jewellery/lavalier-earrings-circlé-white-gold,Lavalier Earrings Circlé - White Gold
https://www.paspaley.com/jewellery/lavalier-earrings-circlé-yellow-gold,Lavalier Earrings Circlé - Yellow Gold
https://www.paspaley.com/jewellery/lavalier-petite-circlé-white-gold,Lavalier Petite Circlé - White Gold
https://www.paspaley.com/jewellery/lavalier-petite-circlé-yellow-gold,Lavalier Petite Circlé - Yellow Gold
https://www.paspaley.com/jewellery/lavalier-opal-hero-rose-gold,Lavalier Opal Hero - Rose Gold
https://www.paspaley.com/jewellery/lavalier-circlé-rose-gold,Lavalier Circlé - Rose Gold
https://www.paspaley.com/jewellery/lavalier-petite-diamond-rose-gold,Lavalier Petite Diamond - Rose Gold
https://www.paspaley.com/jewellery/paradis-bracelet-white-gold,Paradis Bracelet - White Gold
https://www.paspaley.com/jewellery/paradis-bracelet-yellow-gold,Paradis Bracelet - Yellow Gold
https://www.paspaley.com/jewellery/touchstone-ruby-bracelet-yellow-gold,Touchstone Ruby Bracelet - Yellow Gold
https://www.paspaley.com/pearl-collections/touchstone-ruby-earrings-yellow-gold,Touchstone Ruby Earrings - Yellow Gold
https://www.paspaley.com/pearl-collections/touchstone-ruby-necklace-yellow-gold,Touchstone Ruby Necklace - Yellow Gold
https://www.paspaley.com/jewellery/touchstone-black-diamond-bracelet-white-gold,Touchstone Black Diamond Bracelet - White Gold
https://www.paspaley.com/pearl-collections/touchstone-black-diamond-earrings-white-gold,Touchstone Black Diamond Earrings - White Gold
https://www.paspaley.com/jewellery/maxima-chain-bracelet-yellow-gold,Maxima Chain Bracelet - Yellow Gold
https://www.paspaley.com/jewellery/maxima-diamond-bracelet-white-gold,Maxima Diamond Bracelet - White Gold
https://www.paspaley.com/pearl-collections/maxima-irukandji-earrings-white-gold,Maxima Irukandji Earrings - White Gold
https://www.paspaley.com/pearl-collections/maxima-necklet-yellow-gold,Maxima Necklet - Yellow Gold
https://www.paspaley.com/pearl-collections/maxima-rope-necklace-yellow-gold,Maxima Rope Necklace - Yellow Gold
https://www.paspaley.com/jewellery/maxima-diamond-bracelet-yellow-gold,Maxima Diamond Bracelet - Yellow Gold
https://www.paspaley.com/pearl-collections/maxima-black-rope-necklace-white-gold,Maxima Black Rope Necklace - White Gold
https://www.paspaley.com/jewellery/rockpool-tanzanite-bracelet-platinum,Rockpool Tanzanite Bracelet - Platinum
https://www.paspaley.com/jewellery/rockpool-long-chain-white-gold,Rockpool Long Chain - White Gold
https://www.paspaley.com/jewellery/rockpool-long-chain-yellow-gold,Rockpool Long Chain - Yellow Gold
https://www.paspaley.com/jewellery/rockpool-short-chain-yellow-gold,Rockpool Short Chain - Yellow Gold
https://www.paspaley.com/jewellery/rockpool-pave-shell-earrings-white-gold,Rockpool Pave Shell Earrings - White Gold
https://www.paspaley.com/jewellery/rockpool-pave-shell-earrings-yellow-gold,Rockpool Pave Shell Earrings - Yellow Gold
https://www.paspaley.com/jewellery/rockpool-cluster-earrings-platinum,Rockpool Cluster Earrings - Platinum
https://www.paspaley.com/jewellery/rockpool-petite-pendant-white-gold,Rockpool Petite Pendant - White Gold
https://www.paspaley.com/jewellery/rockpool-petite-pendant-yellow-gold,Rockpool Petite Pendant - Yellow Gold
https://www.paspaley.com/jewellery/rockpool-pendant-white-gold,Rockpool Pendant - White Gold
https://www.paspaley.com/jewellery/rockpool-pendant-yellow-gold,Rockpool Pendant - Yellow Gold
https://www.paspaley.com/pearl-collections/touchstone-ruby-ring-yellow-gold,Touchstone Ruby Ring - Yellow Gold
https://www.paspaley.com/jewellery/rockpool-ring-white-gold,Rockpool Ring - White Gold
https://www.paspaley.com/pearl-collections/keshi-pearl-studs-9mm,Keshi Pearl Studs - 9mm
https://www.paspaley.com/pearl-collections/round-pearl-studs-9mm,Round Pearl Studs - 9mm
https://www.paspaley.com/pearl-collections/button-pearl-studs-11mm,Button Pearl Studs - 11mm
https://www.paspaley.com/pearl-collections/baroque-pearl-swap-white-gold,Baroque Pearl Swap - White Gold
https://www.paspaley.com/pearl-collections/palais-pearl-necklace-white-gold,Palais Pearl Necklace - White Gold
https://www.paspaley.com/pearl-collections/palais-pearl-necklace-yellow-gold,Palais Pearl Necklace - Yellow Gold
https://www.paspaley.com/pearl-collections/palais-pearl-necklace-rose-gold,Palais Pearl Necklace - Rose Gold
https://www.paspaley.com/pearl-collections/large-grace-pendant-white-gold,Large Grace Pendant - White Gold
https://www.paspaley.com/pearl-collections/dew-drop-earrings-yellow-gold,Dew Drop Earrings - Yellow Gold
https://www.paspaley.com/pearl-collections/maxima-pearls-my-way-earrings-yellow-gold,Maxima Pearls My Way Earrings - Yellow Gold
https://www.paspaley.com/jewellery/maxima-bracelet-yellow-gold,Maxima Bracelet - Yellow Gold
https://www.paspaley.com/pearl-collections/maxima-stud-earrings-yellow-gold,Maxima Stud Earrings - Yellow Gold
https://www.paspaley.com/pearl-collections/maxima-single-pearl-necklace-white-gold,Maxima Single Pearl Necklace - White Gold
https://www.paspaley.com/pearl-collections/maxima-pearl-rope-necklace-yellow-gold,Maxima Pearl Rope Necklace - Yellow Gold
https://www.paspaley.com/pearl-collections/black-spinel-cascade-white-gold,Black Spinel Cascade - White Gold
https://www.paspaley.com/pearl-collections/grace-pendant-rose-gold,Grace Pendant - Rose Gold
https://www.paspaley.com/jewellery/pearls-my-way-10mm-oval-earrings-white-gold,Pearls My Way 10mm Oval Earrings - White Gold
https://www.paspaley.com/jewellery/pearls-my-way-10mm-circle-earrings-yellow-gold,Pearls My Way 10mm Circle Earrings - Yellow Gold
https://www.paspaley.com/jewellery/pearls-my-way-diamond-earrings-12mm-oval--white-gold,Pearls My Way Diamond Earrings 12mm Oval  - White Gold
https://www.paspaley.com/jewellery/pearls-my-way-diamond-earrings-10mm-oval-yellow-gold,Pearls My Way Diamond Earrings 10mm Oval - Yellow Gold
https://www.paspaley.com/jewellery/diamond-touchstone-earrings-14mm-baroque--white-gold,Diamond Touchstone Earrings 14mm Baroque  - White Gold
https://www.paspaley.com/jewellery/diamond-touchstone-earrings-12mm-oval--yellow-gold,Diamond Touchstone Earrings 12mm Oval  - Yellow Gold
https://www.paspaley.com/pearl-collections/maxima-chain-necklace-–-rose-gold,Maxima Chain Necklace – Rose Gold
https://www.paspaley.com/pearl-collections/maxima-necklet-–-rose-gold,Maxima Necklet – Rose Gold
https://www.paspaley.com/pearl-collections/maxima-rope-necklace-–-rose-gold,Maxima Rope Necklace – Rose Gold
https://www.paspaley.com/pearl-collections/pearls-my-way,Pearls My Way
https://www.paspaley.com/pearl-collections/embrace-the-sea-ring-yellow-gold,Embrace the Sea Ring - Yellow Gold
https://www.paspaley.com/pearl-collections/pavé-cherish-ring-white-gold,Pavé Cherish Ring - White Gold
https://www.paspaley.com/pearl-collections/pave-cherish-ring-yellow-gold,Pave Cherish Ring - Yellow Gold
https://www.paspaley.com/pearl-collections/keshi-eternity-ring-white-gold,Keshi Eternity Ring - White Gold
https://www.paspaley.com/pearl-collections/keshi-eternity-ring-yellow-gold,Keshi Eternity Ring - Yellow Gold
https://www.paspaley.com/pearl-collections/fine-mirror-trace-chain-rose-gold,Fine Mirror Trace Chain - Rose Gold
https://www.paspaley.com/pearl-collections/fine-mirror-trace-chain-white-gold,Fine Mirror Trace Chain - White Gold
https://www.paspaley.com/pearl-collections/fine-mirror-trace-chain-yellow-gold,Fine Mirror Trace Chain - Yellow Gold
https://www.paspaley.com/pearl-collections/fine-key-end-nitrile-white-gold,Fine Key End Nitrile - White Gold
https://www.paspaley.com/pearl-collections/fine-key-end-nitrile-yellow-gold,Fine Key End Nitrile - Yellow Gold
https://www.paspaley.com/pearl-collections/nitrile-bayonet-clasp-white-gold,Nitrile Bayonet Clasp - White Gold
https://www.paspaley.com/pearl-collections/nitrile-bayonet-clasp-yellow-gold,Nitrile Bayonet Clasp - Yellow Gold
https://www.paspaley.com/pearl-collections/omega-chain-white-gold,Omega Chain - White Gold
https://www.paspaley.com/pearl-collections/omega-chain-yellow-gold,Omega Chain - Yellow Gold
https://www.paspaley.com/pearl-collections/julia-ring-white-gold,Julia Ring - White Gold
https://www.paspaley.com/pearl-collections/julia-ring-yellow-gold,Julia Ring - Yellow Gold
https://www.paspaley.com/pearl-collections/touchstone-black-diamond-ring-white-gold,Touchstone Black Diamond Ring - White Gold
https://www.paspaley.com/pearl-collections/touchstone-diamond-ring-yellow-gold,Touchstone Diamond Ring - Yellow Gold
https://www.paspaley.com/pearl-collections/maxima-ring-yellow-gold,Maxima Ring - Yellow Gold
https://www.paspaley.com/catalog/product/view/id/2978,Maxima Snake Ring - Yellow Gold
https://www.paspaley.com/pearl-collections/maxima-ring-–-rose-gold,Maxima Ring – Rose Gold
https://www.paspaley.com/pearl-collections/maxima-snake-ring-–-rose-gold,Maxima Snake Ring – Rose Gold
https://www.paspaley.com/pearl-collections/baroque-strand,Baroque Strand
https://www.paspaley.com/pearl-collections/gold-keshi-rhapsody,Gold Keshi Rhapsody
https://www.paspaley.com/pearl-collections/lavalier,Lavalier
https://www.paspaley.com/jewellery/rockpool-ring-yellow-gold,Rockpool Ring - Yellow Gold
https://www.paspaley.com/pearl-collections/monsoon-earring-enhancer-white-gold,Monsoon Earring Enhancer - White Gold
https://www.paspaley.com/pearl-collections/monsoon-earring-enhancer-yellow-gold,Monsoon Earring Enhancer - Yellow Gold
https://www.paspaley.com/pearl-collections/monsoon-wrap-ring-white-gold,Monsoon Wrap Ring - White Gold
https://www.paspaley.com/pearl-collections/monsoon-wrap-ring-yellow-gold,Monsoon Wrap Ring - Yellow Gold
https://www.paspaley.com/pearl-collections/monsoon-large-button-ring-white-gold,Monsoon Large Button Ring - White Gold
https://www.paspaley.com/pearl-collections/monsoon-large-button-ring-yellow-gold,Monsoon Large Button Ring - Yellow Gold
https://www.paspaley.com/pearl-collections/monsoon-chandelier-earrings-white-gold,Monsoon Chandelier Earrings - White Gold
https://www.paspaley.com/pearl-collections/monsoon-chandelier-earrings-yellow-gold,Monsoon Chandelier Earrings - Yellow Gold
https://www.paspaley.com/pearl-collections/monsoon-tsavorite-chandelier-earrings,Monsoon Tsavorite Chandelier Earrings
https://www.paspaley.com/pearl-collections/monsoon-budding-flower-earrings-white-gold,Monsoon Budding Flower Earrings - White Gold
https://www.paspaley.com/pearl-collections/monsoon-budding-flower-earrings-yellow-gold,Monsoon Budding Flower Earrings - Yellow Gold
https://www.paspaley.com/pearl-collections/monsoon-cicada-earrings-white-gold,Monsoon Cicada Earrings - White Gold
https://www.paspaley.com/pearl-collections/monsoon-cicada-earrings-yellow-gold,Monsoon Cicada Earrings - Yellow Gold
https://www.paspaley.com/pearl-collections/monsoon-budding-flower-clasp-white-gold,Monsoon Budding Flower Clasp - White Gold
https://www.paspaley.com/pearl-collections/monsoon-budding-flower-clasp-yellow-gold,Monsoon Budding Flower Clasp - Yellow Gold
https://www.paspaley.com/pearl-collections/monsoon-petal-pendant-necklace-yellow-gold,Monsoon Petal Pendant Necklace - Yellow Gold
https://www.paspaley.com/pearl-collections/monsoon-budding-flower-pendant-white-gold,Monsoon Budding Flower Pendant - White Gold
https://www.paspaley.com/pearl-collections/monsoon-budding-flower-pendant-yellow-gold,Monsoon Budding Flower Pendant - Yellow Gold
https://www.paspaley.com/pearl-collections/monsoon-double-petal-earrings-white-gold,Monsoon Double Petal Earrings - White Gold
https://www.paspaley.com/pearl-collections/monsoon-double-petal-earrings-yellow-gold,Monsoon Double Petal Earrings - Yellow Gold
https://www.paspaley.com/pearl-collections/monsoon-single-petal-earrings-white-gold,Monsoon Single Petal Earrings - White Gold
https://www.paspaley.com/pearl-collections/monsoon-single-petal-earrings-yellow-gold,Monsoon Single Petal Earrings - Yellow Gold
https://www.paspaley.com/jewellery/monsoon-wildflower-cuff-yellow-gold,Monsoon Wildflower Cuff - Yellow Gold
https://www.paspaley.com/pearl-collections/monsoon-wildflower-collier-yellow-gold,Monsoon Wildflower Collier - Yellow Gold
https://www.paspaley.com/pearl-collections/monsoon-wildflower-ring-yellow-gold,Monsoon Wildflower Ring - Yellow Gold
https://www.paspaley.com/jewellery/lavalier-opal-hero-earrings-rose-gold,Lavalier Opal Hero Earrings - Rose Gold
https://www.paspaley.com/pearl-collections/pearls-my-way-pave-pendant-14mm-round-white-gold,Pearls My Way Pave Pendant 14mm Round - White Gold
https://www.paspaley.com/pearl-collections/diamond-touchstone-pendant-13mm-oval--yellow-gold,Diamond Touchstone Pendant 13mm Oval  - Yellow Gold
https://www.paspaley.com/pearl-collections/shepherd-hook-earrings-circle-white-gold,Shepherd Hook Earrings Circle - White Gold
https://www.paspaley.com/pearl-collections/shepherd-hook-earrings-oval-white-gold,Shepherd Hook Earrings Oval - White Gold
https://www.paspaley.com/pearl-collections/shepherd-hook-earrings-circle-yellow-gold,Shepherd Hook Earrings Circle - Yellow Gold
https://www.paspaley.com/pearl-collections/shepherd-hook-earrings-oval-yellow-gold,Shepherd Hook Earrings Oval - Yellow Gold
https://www.paspaley.com/pearl-collections/diamond-shepherd-hook-earrings-13mm-round-yellow-gold,Diamond Shepherd Hook Earrings 13mm Round - Yellow Gold
https://www.paspaley.com/pearl-collections/touchstone-ruby-12mm-round-pendant-yellow-gold,Touchstone Ruby 12mm Round Pendant - Yellow Gold
https://www.paspaley.com/pearl-collections/rhapsody-strand-bracelet,Rhapsody Strand Bracelet
https://www.paspaley.com/pearl-collections/pendants-my-way,Pendants My Way
https://www.paspaley.com/pearl-collections/maxima-ring-white-gold,Maxima Ring - White Gold
https://www.paspaley.com/pearl-collections/maxima-black-snake-ring-white-gold,Maxima Black Snake Ring - White Gold
https://www.paspaley.com/jewellery/maxima-chain-bracelet-white-gold,Maxima Chain Bracelet - White Gold
https://www.paspaley.com/jewellery/maxima-bracelet-white-gold,Maxima Bracelet - White Gold
https://www.paspaley.com/jewellery/maxima-black-chain-bracelet,Maxima Black Chain Bracelet
https://www.paspaley.com/jewellery/lavalier-noir-earrings-rose-gold,Lavalier Noir Earrings - Rose Gold
https://www.paspaley.com/jewellery/lavalier-noir-earrings-black-opal,Lavalier Noir Earrings - Black Opal
https://www.paspaley.com/jewellery/lavalier-noir-diamond-hero-earrings,Lavalier Noir Diamond Hero Earrings
https://www.paspaley.com/jewellery/lavalier-noir-rose-gold,Lavalier Noir - Rose Gold
https://www.paspaley.com/jewellery/lavalier-noir-black-opal,Lavalier Noir - Black Opal
https://www.paspaley.com/jewellery/lavalier-noir-diamond-hero-white-gold,Lavalier Noir Diamond Hero - White Gold
https://www.paspaley.com/pearl-collections/keshi-rope-strand-of-the-harvest,Keshi Rope Strand of The Harvest
https://www.paspaley.com/pearl-collections/maxima-opal-chandelier-earring-enhancer,Maxima Opal Chandelier Earring Enhancer
https://www.paspaley.com/pearl-collections/boronia-earrings,Boronia Earrings
https://www.paspaley.com/pearl-collections/boronia-pendant,Boronia Pendant
https://www.paspaley.com/jewellery/touchstone-sapphire-earrings-white-gold,Touchstone Sapphire Earrings - White Gold
https://www.paspaley.com/jewellery/touchstone-sapphire-earrings-yellow-gold,Touchstone Sapphire Earrings - Yellow Gold
https://www.paspaley.com/pearl-collections/touchstone-diamond-ring-white-gold,Touchstone Diamond Ring - White Gold
https://www.paspaley.com/pearl-collections/touchstone-tsavorite-ring-white-gold,Touchstone Tsavorite Ring - White Gold
https://www.paspaley.com/pearl-collections/touchstone-sapphire-ring-white-gold,Touchstone Sapphire Ring - White Gold
https://www.paspaley.com/pearl-collections/touchstone-sapphire-ring-yellow-gold,Touchstone Sapphire Ring - Yellow Gold
https://www.paspaley.com/jewellery/touchstone-sapphire-bracelet-yellow-gold,Touchstone Sapphire Bracelet - Yellow Gold
https://www.paspaley.com/pearl-collections/touchstone-dew-drop-earrings-white-gold,Touchstone Dew Drop Earrings - White Gold
https://www.paspaley.com/pearl-collections/touchstone-dew-drop-earrings--yellow-gold,Touchstone Dew Drop Earrings -  Yellow Gold
https://www.paspaley.com/pearl-collections/touchstone-sapphire-clasp-white-gold,Touchstone Sapphire Clasp - White Gold
https://www.paspaley.com/pearl-collections/touchstone-sapphire-clasp-yellow-gold,Touchstone Sapphire Clasp - Yellow Gold
https://www.paspaley.com/pearl-collections/touchstone-sapphire-necklace-white-gold,Touchstone Sapphire Necklace - White Gold
https://www.paspaley.com/pearl-collections/touchstone-long-blue-sapphire-necklace-white-gold,Touchstone Long Blue Sapphire Necklace - White Gold
https://www.paspaley.com/pearl-collections/touchstone-pink-sapphire-necklace-yellow-gold,Touchstone Pink Sapphire Necklace - Yellow Gold
https://www.paspaley.com/pearl-collections/thin-leather-cascade-blue,Thin Leather Cascade - Blue
https://www.paspaley.com/pearl-collections/thin-leather-cascade-brown,Thin Leather Cascade - Brown
https://www.paspaley.com/pearl-collections/thin-leather-cascade-taupe,Thin Leather Cascade - Taupe
https://www.paspaley.com/pearl-collections/megisti-pink-opal-earrings,MEGISTI PINK OPAL EARRINGS
https://www.paspaley.com/jewellery/megisti-bracelet-white-gold,MEGISTI BRACELET - WHITE GOLD
https://www.paspaley.com/jewellery/megisti-bracelet-yellow-gold,MEGISTI BRACELET - YELLOW GOLD
https://www.paspaley.com/jewellery/megisti-lapis-bracelet,MEGISTI LAPIS BRACELET
https://www.paspaley.com/jewellery/megisti-pink-opal-bracelet,MEGISTI PINK OPAL BRACELET
https://www.paspaley.com/pearl-collections/megisti-lapis-hoop-earrings,MEGISTI LAPIS HOOP EARRINGS
https://www.paspaley.com/pearl-collections/megisti-turquoise-hoop-earrings,MEGISTI TURQUOISE HOOP EARRINGS
https://www.paspaley.com/pearl-collections/megisti-lapis-clasp,MEGISTI LAPIS CLASP
https://www.paspaley.com/pearl-collections/megisti-necklet-yellow-gold,MEGISTI NECKLET - YELLOW GOLD
https://www.paspaley.com/pearl-collections/megisti-lapis-collier,MEGISTI LAPIS COLLIER
https://www.paspaley.com/pearl-collections/megisti-lapis-sautoir,MEGISTI LAPIS SAUTOIR
https://www.paspaley.com/pearl-collections/megisti-necklet-white-gold,MEGISTI NECKLET - WHITE GOLD
https://www.paspaley.com/pearl-collections/megisti-pink-opal-collier,MEGISTI PINK OPAL COLLIER
https://www.paspaley.com/pearl-collections/megisti-turquoise--earrings,MEGISTI TURQUOISE  EARRINGS
https://www.paspaley.com/pearl-collections/megisti-lapis-earrings,MEGISTI LAPIS EARRINGS
https://www.paspaley.com/pearl-collections/megisti-pearl-earrings-yellow-gold,MEGISTI PEARL EARRINGS - YELLOW GOLD
https://www.paspaley.com/jewellery/megisti-rockfall-bracelet-yellow-gold,MEGISTI ROCKFALL BRACELET - YELLOW GOLD
https://www.paspaley.com/pearl-collections/megisti-necklace-yellow-gold,MEGISTI NECKLACE - YELLOW GOLD
https://www.paspaley.com/pearl-collections/megisti-lapis-ring,MEGISTI LAPIS RING
https://www.paspaley.com/pearl-collections/megisti-turquoise-ring,MEGISTI TURQUOISE RING
https://www.paspaley.com/pearl-collections/megisti-turquoise-cocktail-ring,MEGISTI TURQUOISE COCKTAIL RING
https://www.paspaley.com/pearl-collections/megisti-pink-opal-ring,MEGISTI PINK OPAL RING
https://www.paspaley.com/pearl-collections/round-pearl-strand-bracelet,Round Pearl Strand Bracelet
https://www.paspaley.com/pearl-collections/round-pearl-strand-necklace,Round Pearl Strand Necklace
https://www.paspaley.com/pearl-collections/rhapsody-keshi-and-circle-strand-necklace,Rhapsody Keshi and Circle Strand Necklace
https://www.paspaley.com/pearl-collections/petite-circle-pearl-strand,Petite Circle Pearl Strand
https://www.paspaley.com/pearl-collections/strand-bracelet-circlé,Strand Bracelet - Circlé
https://www.paspaley.com/pearl-collections/circlé-strand-bracelet,Circlé - Strand Bracelet
https://www.paspaley.com/pearl-collections/oval-bianca-pendant-white-gold,Oval Bianca Pendant - White Gold
https://www.paspaley.com/pearl-collections/oval-bianca-pendant-yellow-gold,Oval Bianca Pendant - Yellow Gold
https://www.paspaley.com/pearl-collections/oval-bianca-pendant-14mm-white-gold,Oval Bianca Pendant 14mm - White Gold
https://www.paspaley.com/pearl-collections/oval-bianca-pendant-14mm-yellow-gold,Oval Bianca Pendant 14mm - Yellow Gold
https://www.paspaley.com/pearl-collections/oval-audrey-pendant-15mm-white-gold,Oval Audrey Pendant 15mm - White Gold
https://www.paspaley.com/pearl-collections/round-audrey-pendant-white-gold,Round Audrey Pendant - White Gold
https://www.paspaley.com/pearl-collections/oval-audrey-pendant-15mm-yellow-gold,Oval Audrey Pendant 15mm - Yellow Gold
https://www.paspaley.com/pearl-collections/round-audrey-pendant-yellow-gold,Round Audrey Pendant - Yellow Gold
https://www.paspaley.com/pearl-collections/drop-lucette-pendant-white-gold,Drop Lucette Pendant - White Gold
https://www.paspaley.com/pearl-collections/circle-lucette-pendant-yellow-gold,Circle Lucette Pendant - Yellow Gold
https://www.paspaley.com/pearl-collections/drop-lucette-pendant-yellow-gold,Drop Lucette Pendant - Yellow Gold
https://www.paspaley.com/pearl-collections/circle-celeste-pendant-white-gold,Circle Celeste Pendant - White Gold
https://www.paspaley.com/pearl-collections/oval-celeste-pendant-white-gold,Oval Celeste Pendant - White Gold
https://www.paspaley.com/pearl-collections/circle-celeste-pendant-yellow-gold,Circle Celeste Pendant - Yellow Gold
https://www.paspaley.com/pearl-collections/oval-celeste-pendant-yellow-gold,Oval Celeste Pendant - Yellow Gold
https://www.paspaley.com/jewellery/starry-night-earrings-white-gold,Starry Night Earrings - White Gold
https://www.paspaley.com/jewellery/starry-night-earrings-yellow-gold,Starry Night Earrings - Yellow Gold
https://www.paspaley.com/pearl-collections/unique-chandelier-earrings,Unique Chandelier Earrings
https://www.paspaley.com/jewellery/kimberley-dark-bracelet-–-circle-pearl,Kimberley Dark Bracelet – Circle Pearl
https://www.paspaley.com/jewellery/kimberley-dark-bracelet-–-double-circle-pearl,Kimberley Dark Bracelet – Double Circle Pearl
https://www.paspaley.com/pearl-collections/megisti-pink-opal-cocktail-ring,Megisti Pink Opal Cocktail Ring
https://www.paspaley.com/jewellery/lavalier-petite-sapphire-white-gold,Lavalier Petite Sapphire - White Gold
https://www.paspaley.com/jewellery/lavalier-opal-hero-white-gold,Lavalier Opal Hero - White Gold
https://www.paspaley.com/jewellery/lavalier-blue-sapphire-white-gold,Lavalier Blue Sapphire - White Gold
https://www.paspaley.com/jewellery/lavalier-ruby-yellow-gold,Lavalier Ruby - Yellow Gold
https://www.paspaley.com/jewellery/lavalier-blue-sapphire-earrings-white-gold,Lavalier Blue Sapphire Earrings - White Gold
https://www.paspaley.com/jewellery/lavalier-ruby-earrings-yellow-gold,Lavalier Ruby Earrings - Yellow Gold
https://www.paspaley.com/jewellery/touchstone-pearl-bracelet-white-gold,Touchstone Pearl Bracelet - White Gold
https://www.paspaley.com/pearl-collections/rhapsody-choker,Rhapsody Choker
https://www.paspaley.com/pearl-collections/rhapsody-rope-90cm,Rhapsody Rope 90cm
https://www.paspaley.com/pearl-collections/rhapsody-rope-130cm,Rhapsody Rope 130cm
https://www.paspaley.com/pearl-collections/kimberley-earring-enhancer-yellow-gold,Kimberley Earring Enhancer - Yellow Gold
https://www.paspaley.com/jewellery/keshi-chain-bracelet-white-gold,Keshi Chain Bracelet - White Gold
https://www.paspaley.com/jewellery/keshi-chain-bracelet-yellow-gold,Keshi Chain Bracelet - Yellow Gold
https://www.paspaley.com/jewellery/kimberley-strand,Kimberley Strand
https://www.paspaley.com/pearl-collections/keshi-rope-stack-ring-yellow-gold,Keshi Rope Stack Ring - Yellow Gold
https://www.paspaley.com/pearl-collections/keshi-rope-ring-yellow-gold,Keshi Rope Ring - Yellow Gold
https://www.paspaley.com/pearl-collections/rope-ring-yellow-gold,Rope Ring - Yellow Gold
https://www.paspaley.com/pearl-collections/rope-tassel-ring-yellow-gold,Rope Tassel Ring - Yellow Gold
https://www.paspaley.com/jewellery/lavalier-hero-blue-sapphire,Lavalier Hero - Blue Sapphire
https://www.paspaley.com/jewellery/lavalier-hero-rhodolite,Lavalier Hero - Rhodolite
https://www.paspaley.com/jewellery/kimberley-light-bracelet-petite-circle-pearl,Kimberley Light Bracelet - Petite Circle Pearl
https://www.paspaley.com/pearl-collections/dew-drop-earrings-white-gold,Dew Drop Earrings - White Gold
https://www.paspaley.com/pearl-collections/delfini-strand-rope,Delfini Strand Rope
https://www.paspaley.com/jewellery/pearls-my-way-ruby-yellow-gold,PEARLS MY WAY RUBY - YELLOW GOLD
https://www.paspaley.com/jewellery/coral-red-silk-bracelet-round,Coral Red Silk Bracelet - Round
https://www.paspaley.com/jewellery/wetsuit-black-silk-bracelet-circle,Wetsuit Black Silk Bracelet - Circle
https://www.paspaley.com/jewellery/wetsuit-black-silk-bracelet-semi-round,Wetsuit Black Silk Bracelet - Semi Round
https://www.paspaley.com/jewellery/night-sky-silk-bracelet-circle,Night Sky Silk Bracelet - Circle
https://www.paspaley.com/jewellery/night-sky-silk-bracelet-semi-round,Night Sky Silk Bracelet - Semi Round
https://www.paspaley.com/jewellery/sea-blue-silk-bracelet-circle,Sea Blue Silk Bracelet - Circle
https://www.paspaley.com/jewellery/sea-blue-silk-bracelet-semi-round,Sea Blue Silk Bracelet - Semi Round
https://www.paspaley.com/jewellery/purple-orchid-silk-bracelet-circle,Purple Orchid Silk Bracelet - Circle
https://www.paspaley.com/jewellery/purple-orchid-silk-bracelet-semi-round,Purple Orchid Silk Bracelet - Semi Round
https://www.paspaley.com/jewellery/eucalyptus-silk-bracelet-circle,Eucalyptus Silk Bracelet - Circle
https://www.paspaley.com/jewellery/eucalyptus-silk-bracelet-semi-round,Eucalyptus Silk Bracelet - Semi Round
https://www.paspaley.com/jewellery/ochre-silk-bracelet-circle,Ochre Silk Bracelet - Circle
https://www.paspaley.com/jewellery/ochre-silk-bracelet-semi-round,Ochre Silk Bracelet - Semi Round
https://www.paspaley.com/jewellery/coral-red-silk-bracelet-circle,Coral Red Silk Bracelet - Circle
https://www.paspaley.com/pearl-collections/delfini-smooth-strand-bracelet,DELFINI SMOOTH STRAND BRACELET
https://www.paspaley.com/pearl-collections/pave-bella-ring-white-gold,Pave Bella Ring - White Gold
https://www.paspaley.com/pearl-collections/pave-bella-ring-yellow-gold,Pave Bella Ring - Yellow Gold
https://www.paspaley.com/jewellery/lavalier-diamond-earrings-circle-yellow-gold,Lavalier Diamond Earrings Circle - Yellow Gold
https://www.paspaley.com/jewellery/lavalier-diamond-circle--yellow-gold,Lavalier Diamond Circle  - Yellow Gold
https://www.paspaley.com/pearl-collections/embrace-the-sea-ring--white-gold,Embrace the Sea Ring- White Gold
https://www.paspaley.com/pearl-collections/diamond-shepherd-hook-earrings-11mm-circle-white-gold,Diamond Shepherd Hook Earrings 11mm Circle - White Gold
https://www.paspaley.com/pearl-collections/diamond-shepherd-hook-earrings-13mm-circle-white-gold,Diamond Shepherd Hook Earrings 13mm Circle - White Gold
https://www.paspaley.com/pearl-collections/diamond-shepherd-hook-earrings-11mm-circle-yellow-gold,Diamond Shepherd Hook Earrings 11mm Circle - Yellow Gold
https://www.paspaley.com/pearl-collections/diamond-shephard-hook-earrings-13mm-circle-yellow-gold,Diamond Shephard Hook Earrings 13mm Circle - Yellow Gold
https://www.paspaley.com/pearl-collections/adjustable-trace-chain--white-gold,Adjustable Trace Chain -White Gold
https://www.paspaley.com/pearl-collections/adjustable-trace-chain-yellow-gold,Adjustable Trace Chain - Yellow Gold
https://www.paspaley.com/jewellery/diamond-touchstone-earrings-13mm-round-rose-gold,Diamond Touchstone Earrings 13mm Round - Rose Gold
https://www.paspaley.com/jewellery/lavalier-diamond-earrings-circle--white-gold,Lavalier Diamond Earrings Circle- White Gold
https://www.paspaley.com/jewellery/lavalier-earrings-circle-rose-gold,Lavalier Earrings Circle - Rose Gold
https://www.paspaley.com/jewellery/lavalier-diamond-circle-white-gold,Lavalier Diamond Circle - White Gold
https://www.paspaley.com/pearl-collections/dragonfly-ring-platinum,Dragonfly Ring - Platinum
https://www.paspaley.com/pearl-collections/dragonfly-ring-yellow-gold,Dragonfly Ring - Yellow Gold
https://www.paspaley.com/jewellery/lavalier-petite-circle-rose-gold,Lavalier Petite Circle - Rose Gold
https://www.paspaley.com/pearl-collections/large-baroque-strand,LARGE BAROQUE STRAND
https://www.paspaley.com/pearl-collections/delfini-strand-bracelet--petite,DELFINI STRAND BRACELET- PETITE
https://www.paspaley.com/jewellery/adjustable-trace-chain-rose-gold,Adjustable Trace Chain - Rose Gold
https://www.paspaley.com/pearl-collections/oval-bianca-pendant-rose-gold,OVAL BIANCA PENDANT - ROSE GOLD
https://www.paspaley.com/pearl-collections/oval-celeste-pendant-rose-gold,OVAL CELESTE PENDANT - ROSE GOLD
https://www.paspaley.com/jewellery/julia-ring-rose-gold,JULIA RING - ROSE GOLD
https://www.paspaley.com/pearl-collections/keshi-eternity-ring-rose-gold,KESHI ETERNITY RING - ROSE GOLD
https://www.paspaley.com/jewellery/pearls-my-way-10mm-circle-earrings-rose-gold,PEARLS MY WAY 10MM CIRCLE EARRINGS - ROSE GOLD
https://www.paspaley.com/jewellery/pearls-my-way-diamond-earrings-12mm-oval-rose-gold,PEARLS MY WAY DIAMOND EARRINGS 12MM OVAL - ROSE GOLD
https://www.paspaley.com/pearl-collections/dive-rope-pendant-yellow-gold,Dive Rope Pendant - Yellow Gold
https://www.paspaley.com/pearl-collections/dive-mermaid-coin-charm-small-yellow-gold,Dive Mermaid Coin Charm Small - Yellow Gold
https://www.paspaley.com/pearl-collections/dive-guided-by-stars-coin-charm-small-yellow-gold,Dive Guided by Stars Coin Charm Small - Yellow Gold
https://www.paspaley.com/pearl-collections/dive-dolphins-coin-charm-yellow-gold,Dive Dolphins Coin Charm - Yellow Gold
https://www.paspaley.com/pearl-collections/dive-seascape-coin-charm-yellow-gold,Dive Seascape Coin Charm - Yellow Gold
https://www.paspaley.com/pearl-collections/dive-mermaid-coin-charm-small-white-gold,Dive Mermaid Coin Charm Small - White Gold
https://www.paspaley.com/pearl-collections/dive-hard-hat-coin-charm-small-white-gold,Dive Hard Hat Coin Charm Small - White Gold
https://www.paspaley.com/pearl-collections/dive-mermaid-coin-charm-white-gold,Dive Mermaid Coin Charm - White Gold
https://www.paspaley.com/pearl-collections/dive-dolphins-coin-charm-white-gold,Dive Dolphins Coin Charm - White Gold
https://www.paspaley.com/pearl-collections/dive-shark-charm-white-gold,Dive Shark Charm - White Gold
https://www.paspaley.com/jewellery/dive-charm-bracelet-white-gold,Dive Charm Bracelet - White Gold
https://www.paspaley.com/jewellery/dive-charm-bracelet-yellow-gold,Dive Charm Bracelet - Yellow Gold
https://www.paspaley.com/pearl-collections/dive-clasp-yellow-gold,Dive Clasp - Yellow Gold
https://www.paspaley.com/pearl-collections/dive-charm-necklace-white-gold,Dive Charm Necklace - White Gold
https://www.paspaley.com/pearl-collections/paspaley-dive-charm-necklace,Paspaley Dive Charm Necklace
https://www.paspaley.com/pearl-collections/dive-long-pearl-necklace-yellow-gold,Dive Long Pearl Necklace - Yellow Gold
https://www.paspaley.com/pearl-collections/dive-thimble-pendant-yellow-gold,Dive Thimble Pendant - Yellow Gold
https://www.paspaley.com/pearl-collections/dive-tassel-pendant-yellow-gold,Dive Tassel Pendant - Yellow Gold
https://www.paspaley.com/pearl-collections/entwined-pendant-yellow-gold,Entwined Pendant - Yellow Gold
https://www.paspaley.com/pearl-collections/entwined-diamond-pendant-yellow-gold,Entwined Diamond Pendant - Yellow Gold
https://www.paspaley.com/pearl-collections/dive-coin-charm-earrings-white-gold,Dive Coin Charm Earrings - White Gold
https://www.paspaley.com/pearl-collections/dive-coin-charm-earrings-yellow-gold,Dive Coin Charm Earrings - Yellow Gold
https://www.paspaley.com/pearl-collections/dive-coin-charm-diamond-earrings-white-gold,Dive Coin Charm Diamond Earrings - White Gold
https://www.paspaley.com/pearl-collections/dive-coin-charm-diamond-earrings-yellow-gold,Dive Coin Charm Diamond Earrings - Yellow Gold
https://www.paspaley.com/pearl-collections/dive-pearl-drop-earrings-yellow-gold,Dive Pearl Drop Earrings - Yellow Gold
https://www.paspaley.com/jewellery/dive-charm-bracelet-paspaley-1935-white-gold,Dive Charm Bracelet - Paspaley 1935 - White Gold
https://www.paspaley.com/jewellery/dive-charm-bracelet-mermaid-yellow-gold,Dive Charm Bracelet - Mermaid - Yellow Gold
https://www.paspaley.com/pearl-collections/dive-layered-charm-necklace-white-gold,Dive Layered Charm Necklace - White Gold
https://www.paspaley.com/pearl-collections/dive-layered-charm-necklace-yellow-gold,Dive Layered Charm Necklace - Yellow Gold
https://www.paspaley.com/pearl-collections/dive-pearl-chain-ring,Dive Pearl Chain Ring
https://www.paspaley.com/pearl-collections/dive-chain-ring,Dive Chain Ring
https://www.paspaley.com/pearl-collections/dive-chain-ring-men&apos;s,Dive Chain Ring - Men's
https://www.paspaley.com/pearl-collections/dive-tassel-earrings-yellow-gold,Dive Tassel Earrings - Yellow Gold
https://www.paspaley.com/pearl-collections/dive-chain-stack-ring,Dive Chain Stack Ring
https://www.paspaley.com/pearl-collections/coral-red-silk-rope,Coral Red Silk Rope
https://www.paspaley.com/jewellery/wetsuit-black-silk-rope,Wetsuit Black Silk Rope
https://www.paspaley.com/jewellery/pearl-accessories/night-sky-silk-rope,Night Sky Silk Rope
https://www.paspaley.com/jewellery/pearl-accessories/sea-blue-silk-rope,Sea Blue Silk Rope
https://www.paspaley.com/jewellery/pearl-accessories/purple-orchid-silk-rope,Purple Orchid Silk Rope
https://www.paspaley.com/jewellery/pearl-accessories/eucalyptus-silk-rope,Eucalyptus Silk Rope
https://www.paspaley.com/jewellery/pearl-accessories/ochre-silk-rope,Ochre Silk Rope
