product,name,description,availability,sku,price
baroque-strand,Baroque Strand,"Paspaley 44.5cm choker length strand featuring 28, 13-16mm baroque pearls. Identified by the Paspaley Strand Signature, a brilliant cut diamond set seamlessly in the end pearl.",Out of stock,SKU    SCPQ1316001,"AUD 49,800.00"
gold-keshi-rhapsody,Gold Keshi Rhapsody,"Paspaley 240cm length Rhapsody strand featuring 275, 6-9mm multi coloured keshi baroque pearls. Identified by the Paspaley Strand Signature, a brilliant cut diamond set seamlessly in the end pearl.",Out of stock,SKU    SUKQ0609005,"AUD 78,800.00"
keshi-rope-strand-of-the-harvest,Keshi Rope Strand of The Harvest,"Paspaley Rope Pearl Strand necklace featuring 110, 8-10mm Australian Keshi South Sea Baroque pearls, and 1 yellow diamond. Identified by the Paspaley Strand Signature, a brilliant cut diamond set seamlessly in the end pearl.",Out of stock,SKU    SRKQ0810001,"AUD 42,800.00"
pearl-accessories-black-spinel-cascade-white-gold,Black Spinel Cascade - White Gold,"Paspaley 12 strand necklace in 18kt white gold, with black spinels. Length 43cm. Pearl sold separately.",In stock,SKU    C00N10W43,"AUD 4,290.00"
pearl-accessories-chalif-cascade-chain-yellow-gold,Chalif Cascade Chain - Yellow Gold,"Paspaley chain with 18kt yellow gold key ends. Length 42cm, width 2.7mm. Pearl sold separately.",In stock,SKU    C00C80Y2742,"AUD 2,460.00"
pearl-accessories-fine-key-end-nitrile-white-gold,Fine Key End Nitrile - White Gold,"Paspaley nitrile cord featuring 18kt white gold key ends, width 3mm. Pearl sold separately.",In stock,SKU    DC00C50W30,AUD 390.00
pearl-accessories-fine-key-end-nitrile-yellow-gold,Fine Key End Nitrile - Yellow Gold,"Paspaley nitrile cord featuring 18kt yellow gold key ends, width 3mm. Pearl sold separately.",In stock,SKU    DC00C50Y30,AUD 390.00
pearl-accessories-fine-mirror-trace-chain-rose-gold,Fine Mirror Trace Chain - Rose Gold,"Paspaley chain in 18kt rose gold, with 6 white diamonds on clasp (0.03ct), chain width 1.6mm.",In stock,SKU    DC00C00R16,AUD 740.00
pearl-accessories-fine-mirror-trace-chain-white-gold,Fine Mirror Trace Chain - White Gold,"Paspaley chain in 18kt white gold, with 6 white diamonds on clasp (0.03ct), width 1.6mm.",In stock,SKU    DC00C00W16,AUD 650.00
pearl-accessories-fine-mirror-trace-chain-yellow-gold,Fine Mirror Trace Chain - Yellow Gold,"Paspaley chain in 18kt yellow gold, with 6 white diamonds on clasp (0.03ct), width 1.6mm.",In stock,SKU    DC00C00Y16,AUD 650.00
pearl-accessories-key-end-nitrile-yellow-gold,Key End Nitrile - Yellow Gold,"Paspaley nitrile cord featuring 18kt yellow gold key ends, width 5mm. Pearl sold separately.",In stock,SKU    DC00C50Y50,AUD 430.00
pearl-accessories-long-trace-chain-white-gold,Long Trace Chain - White Gold,"Paspaley chain in 18kt white gold, with 6 white diamonds on clasp (0.03ct). Length 80cm, width 1.5mm.",In stock,SKU    C12C01W1580,"AUD 1,290.00"
pearl-accessories-nitrile-bayonet-clasp-white-gold,Nitrile Bayonet Clasp - White Gold,"Paspaley nitrile cord featuring 18kt white gold bayonet clasp, width 3mm. Pendant sold separately.",In stock,SKU    DC00C55W30,AUD 390.00
pearl-accessories-nitrile-bayonet-clasp-yellow-gold,Nitrile Bayonet Clasp - Yellow Gold,"Paspaley nitrile cord featuring 18kt yellow gold bayonet clasp, width 3mm. Pendant sold separately.",In stock,SKU    DC00C55Y30,AUD 390.00
pearl-accessories-omega-chain-white-gold,Omega Chain - White Gold,"Paspaley chain in 18kt white gold, width 1.5mm.",In stock,SKU    DC00C70W15,"AUD 1,210.00"
pearl-accessories-omega-chain-yellow-gold,Omega Chain - Yellow Gold,"Paspaley chain in 18kt yellow gold, width 1.5mm. Pendant sold separately.",In stock,SKU    DC00C70Y15,"AUD 1,160.00"
pearl-accessories-paspaley-mother-of-pearl-shell,Paspaley Mother-of-Pearl shell,Paspaley Australian South Sea Mother of Pearl Shell.,In stock,SKU    C00A01,AUD 100.00
pearl-accessories-pearl-cufflinks-white-gold,Pearl Cufflinks - White Gold,"Paspaley cufflinks featuring two, 11-12mm baroque keshi pearls set in 18kt white gold.",In stock,SKU    C00A01WKB12,"AUD 3,280.00"
pearl-bracelets-kimberley-bracelet-button-pearl,Kimberley Bracelet - Button Pearl,Paspaley bracelet featuring a 12-13mm button pearl and sandalwood.,In stock,SKU    CSRB01SPB12,"AUD 1,480.00"
pearl-bracelets-kimberley-bracelet-circle-pearl,Kimberley Bracelet - Circlé Pearl,"Paspaley bracelet featuring a 12-13mm circle pearl, with sandalwood.",In stock,SKU    CSRB01SPC13,AUD 980.00
pearl-bracelets-kimberley-bracelet-petite-circle-pearl,Kimberley Bracelet - Petite Circlé Pearl,"Paspaley bracelet featuring a 10-11mm circle pearl, with sandalwood.",In stock,SKU    CSRB01SPC11,AUD 680.00
pearl-bracelets-kimberley-bracelet-petite-triangle-pearl,Kimberley Bracelet - Petite Triangle pearl,"Paspaley bracelet featuring a 10-11mm triangle pearl, with sandalwood.",In stock,SKU    CSRB01SPT11,"AUD 1,280.00"
pearl-bracelets-kimberley-onyx-bracelet-circle-pearl,Kimberley Onyx Bracelet - Circlé Pearl,"Paspaley bracelet featuring two, 12mm circle pearls, with onyx and sandalwood beads.",In stock,SKU    CSRB02XPC12,"AUD 1,680.00"
pearl-bracelets-kimberley-onyx-bracelet-round-pearl,Kimberley Onyx Bracelet - Round Pearl,"Paspaley bracelet featuring two, 12mm round pearls, with onyx and sandalwood beads.",In stock,SKU    CSRB02XPR12,"AUD 5,980.00"
pearl-bracelets-maxima-bracelet-yellow-gold,Maxima Bracelet - Yellow Gold,Paspaley bracelet featuring mother-of-pearl set in 18kt yellow gold with 18 white diamonds (0.30ct).,In stock,SKU    W15B02Y,"AUD 5,480.00"
pearl-bracelets-maxima-chain-bracelet-yellow-gold,Maxima Chain Bracelet - Yellow Gold,"Paspaley bracelet featuring mother-of-pearl set in 18kt yellow gold, with two white diamonds (0.04ct).",In stock,SKU    W15B01Y,"AUD 2,680.00"
pearl-bracelets-maxima-diamond-bracelet-white-gold,Maxima Diamond Bracelet - White Gold,Paspaley bracelet featuring mother-of-pearl set in 18kt white gold with 314 white diamonds (2.10ct).,In stock,SKU    W15B04W,"AUD 16,800.00"
pearl-bracelets-maxima-diamond-bracelet-yellow-gold,Maxima Diamond Bracelet - Yellow Gold,"Paspaley mother-of-pearl bracelet set in 18kt yellow gold, with 387 white diamonds (1.90ct).",In stock,SKU    W17B03Y,"AUD 14,800.00"
pearl-bracelets-monsoon-wildflower-cuff-yellow-gold,Monsoon Wildflower Cuff - Yellow Gold,"Paspaley Monsoon Unique Bracelet in 750 Yellow Gold with 71, 5-12mm Keshi Baroque Australian South Sea Pearls, 95 White Diamonds (3.25ct) and 456 Yellow Diamonds (8.01ct)",Out of stock,SKU    Y18B07YKQ12,"AUD 218,000.00"
pearl-bracelets-odyssey-pod-bracelet-yellow-gold,Odyssey Pod Bracelet - Yellow Gold,"Paspaley bracelet featuring three, 11mm oval/drop pearls set in 18kt yellow gold, with 72 white diamonds (0.17ct).",In stock,SKU    S12B04YPO11,"AUD 7,280.00"
pearl-bracelets-paradis-bracelet-white-gold,Paradis Bracelet - White Gold,"Paspaley bracelet featuring three, 10mm round pearls set in 18kt white gold, with 33 white diamonds (0.34ct).",Out of stock,SKU    J07B01WPR10,"AUD 7,480.00"
pearl-bracelets-paradis-bracelet-yellow-gold,Paradis Bracelet - Yellow Gold,"Paspaley bracelet featuring three, 10mm round pearls set in 18kt yellow gold, with 33 white diamonds (0.34ct).",In stock,SKU    J07B01YPR10,"AUD 7,480.00"
pearl-bracelets-rockpool-tanzanite-bracelet-platinum,Rockpool Tanzanite Bracelet - Platinum,"Paspaley Australian South Sea pearl  bracelet in platinum with 28, 4- 8mm Keshi Baroque pearls, four tanzanites (15.46ct), 602 white diamonds (6.83ct) and 50 amethysts (1.20ct).",Out of stock,SKU    X17B12PKQ08,"AUD 128,000.00"
pearl-bracelets-touchstone-black-diamond-bracelet-white-gold,Touchstone Black Diamond Bracelet - White Gold,"Paspaley bracelet featuring five, 11mm oval pearls set in 18kt white gold, with 100 black diamonds (0.80ct) and 12 white diamonds (0.03ct).",In stock,SKU    V16B02WPO11,"AUD 9,680.00"
pearl-bracelets-touchstone-ruby-bracelet-yellow-gold,Touchstone Ruby Bracelet - Yellow Gold,"Paspaley bracelet featuring five, 12mm button pearls set in 18kt yellow gold, with 100 rubies (1.00ct) and 12 white diamonds (0.02ct).",In stock,SKU    V14B02YPB12,"AUD 7,280.00"
pearl-clasps-maxima-clasp-white-gold,Maxima Clasp - White Gold,"Paspaley clasp featuring mother-of-pearl set in 18kt white gold, with 102 white diamonds (0.75ct).",In stock,SKU    W15L02W,"AUD 6,980.00"
pearl-clasps-maxima-clasp-yellow-gold,Maxima Clasp - Yellow Gold,Paspaley clasp featuring mother-of-pearl set in 18kt yellow gold with 24 white diamonds (0.36ct).,In stock,SKU    W15L01Y,"AUD 4,680.00"
pearl-clasps-monsoon-budding-flower-clasp-white-gold,Monsoon Budding Flower Clasp - White Gold,Paspaley Monsoon clasp set in 18kt white gold with 66 white diamonds (0.44ct) and 162 tsavorites (2.61ct).,In stock,SKU    Y18L06W,"AUD 14,800.00"
pearl-clasps-monsoon-budding-flower-clasp-yellow-gold,Monsoon Budding Flower Clasp - Yellow Gold,Paspaley Monsoon clasp set in 18kt yellow gold with 66 white diamonds and 164 yellow diamonds (2.95ct).,Out of stock,SKU    Y18L07Y,"AUD 32,800.00"
pearl-clasps-rockpool-mother-of-pearl-clasp-white-gold,Rockpool Mother-of-Pearl Clasp - White Gold,Paspaley clasp featuring mother-of-pearl set in 18kt white gold with 218 white diamonds (1.34ct). Bracelet sold separately.,In stock,SKU    X17L11W,"AUD 11,800.00"
pearl-clasps-rockpool-mother-of-pearl-clasp-yellow-gold,Rockpool Mother-of-Pearl Clasp - Yellow Gold,Paspaley clasp featuring mother-of-pearl set in 18kt yellow gold with 218 white diamonds (1.34ct). Bracelet sold separately.,In stock,SKU    X17L11Y,"AUD 11,800.00"
pearl-clasps-rockpool-pave-clasp-white-gold,Rockpool Pave Clasp - White Gold,Paspaley clasp featuring 504 white diamonds (2.82ct) set in 18kt white gold.,In stock,SKU    X17L10W,"AUD 22,800.00"
pearl-clasps-rockpool-pave-clasp-yellow-gold,Rockpool Pave Clasp - Yellow Gold,Paspaley clasp featuring 504 white diamonds (2.82ct) set in 18kt yellow gold.,In stock,SKU    X17L10Y,"AUD 22,800.00"
pearl-clasps-touchstone-black-diamond-clasp-white-gold,Touchstone Black Diamond Clasp - White Gold,"Paspaley clasp featuring 120 black diamonds (2.40ct) set in 18kt white gold, with 14 white diamonds (0.04ct).",In stock,SKU    V16L04W,"AUD 8,680.00"
pearl-earrings-button-pearl-studs-11mm,Button Pearl Studs - 11mm,"Paspaley stud earrings featuring two, 11mm button pearls set in 18kt yellow gold.",In stock,SKU    C00E41YPB11,"AUD 2,580.00"
pearl-earrings-dew-drop-earrings-platinum,Dew Drop Earrings - Platinum,"Paspaley earrings featuring two, 11mm round pearls set in 950 platinum, with four white diamonds (0.40ct).",In stock,SKU    K08E08PPR11,"AUD 6,980.00"
pearl-earrings-dew-drop-earrings-yellow-gold,Dew Drop Earrings - Yellow Gold,"Paspaley earrings feturing two, 11mm round pearls set in 18kt yellow gold with four white diamonds (0.40ct).",In stock,SKU    K08E08YPR11,"AUD 6,880.00"
pearl-earrings-diamond-shepherd-hook-earrings-13mm-round-yellow-gold,Diamond Shepherd Hook Earrings 13mm Round - Yellow Gold,"Paspaley Shepherd Hook earrings featuring two 13mm round pearls set in18kt yellow gold, with 40 white diamonds (0.21ct).",In stock,SKU    C18E43YPR13,"AUD 9,180.00"
pearl-earrings-diamond-shepherd-hook-earrings-round-white-gold,Diamond Shepherd Hook Earrings Round - White Gold,"Paspaley Shepherd Hook earrings featuring two 10mm round pearls set in18kt white gold, with 40 white diamonds (0.21ct).",In stock,SKU    C18E43WPR10,"AUD 5,480.00"
pearl-earrings-diamond-shepherd-hook-earrings-round-yellow-gold,Diamond Shepherd Hook Earrings Round - Yellow Gold,"Paspaley Shepherd Hook earrings featuring two 10mm round pearls set in 18kt yellow gold, with 40 white diamonds (0.21ct).",In stock,SKU    C18E43YPR10,"AUD 5,480.00"
pearl-earrings-diamond-touchstone-earrings-12mm-oval-yellow-gold,Diamond Touchstone Earrings 12mm Oval  - Yellow Gold,"Paspaley earrings featuring two, 12mm oval pearls set in 18kt yellow gold, with 70 white diamonds (0.83ct)",In stock,SKU    DC16E10YPO12,"AUD 8,960.00"
pearl-earrings-diamond-touchstone-earrings-14mm-baroque-white-gold,Diamond Touchstone Earrings 14mm Baroque  - White Gold,"Paspaley earrings featuring two, 14mm baroque pearls set in 18kt white gold with, 60 white diamonds (0.93ct)",In stock,SKU    DC16E10WPQ14,"AUD 9,960.00"
pearl-earrings-dolce-earrings-white-gold,Dolce Earrings - White Gold,"Paspaley earrings featuring two, 13mm round pearls set in 18kt white gold.",In stock,SKU    G06E09WPR13,"AUD 6,280.00"
pearl-earrings-grace-earrings-white-gold,Grace Earrings - White Gold,"Paspaley shepherd hook earrings featuring two, 11mm round pearls set in 18kt white gold, with two white diamonds (0.20ct).",In stock,SKU    C00E44WPR11,"AUD 5,980.00"
pearl-earrings-grace-earrings-yellow-gold,Grace Earrings - Yellow Gold,"Paspaley shepherd hook earrings featuring two, 11mm round pearls set in 18kt yellow gold, with two white diamonds (0.20ct).",In stock,SKU    C00E44YPR11,"AUD 5,980.00"
pearl-earrings-keshi-pearl-studs-7mm,Keshi Pearl Studs - 7mm,"Paspaley stud earrings featuring two, 7mm baroque keshi pearls set in 18kt yellow gold.",In stock,SKU    C00E40YKQ07,AUD 980.00
pearl-earrings-keshi-pearl-studs-9mm,Keshi Pearl Studs - 9mm,"Paspaley stud earrings featuring two, 9mm baroque keshi pearls set in 18kt yellow gold.",In stock,SKU    C00E40YKQ09,"AUD 1,680.00"
pearl-earrings-lavalier-earrings-circle-white-gold,Lavalier Earrings Circlé - White Gold,Paspaley earrings featuring two loose 12mm circlé pearls in 18ct white gold.,In stock,SKU    DH14E20WC,"AUD 5,260.00"
pearl-earrings-lavalier-earrings-circle-yellow-gold,Lavalier Earrings Circlé - Yellow Gold,Paspaley earrings featuring two loose 12mm circlé pearls in 18ct yellow gold.,In stock,SKU    DH14E20YC,"AUD 5,260.00"
pearl-earrings-lavalier-opal-hero-earrings-rose-gold,Lavalier Opal Hero Earrings - Rose Gold,"Paspaley Lavalier earrings featuring two round pearls and combining beautiful rose gold, opals and white diamonds, complete with a rare Papsaley keshi pearl.",In stock,SKU    DH15E30RPR,"AUD 14,760.00"
pearl-earrings-maxima-black-studs-white-gold,Maxima Black Studs - White Gold,"Paspaley studs featuring black mother-of-pearl set in 18kt white gold, with 68 white diamonds (0.15ct).",Out of stock,SKU    W17E01W,"AUD 2,680.00"
pearl-earrings-maxima-irukandji-earrings-white-gold,Maxima Irukandji Earrings - White Gold,Paspaley earrings featuring mother-of-pearl set in 18kt white gold with 16 white diamonds (0.07ct).,In stock,SKU    W15E04W,"AUD 2,280.00"
pearl-earrings-maxima-pearl-earrings-white-gold,Maxima Pearl Earrings - White Gold,"Paspaley earrings featuring two, 12mm round pearls set in 18kt white gold, with mother-of-pearl and 66 white diamonds (0.40ct).",In stock,SKU    W15E05WPR12,"AUD 9,980.00"
pearl-earrings-maxima-pearls-my-way-earrings-yellow-gold,Maxima Pearls My Way Earrings - Yellow Gold,"Paspaley earrings featuring two 13mm round pearls set in 18kt yellow gold, with mother-of-pearl and 88 white diamonds (0.35ct).",In stock,SKU    DW17E03YPR13,"AUD 10,660.00"
pearl-earrings-maxima-pearls-my-way-rose-gold,Maxima Pearls My Way – Rose Gold,"Paspaley earrings featuring two, 13mm round pearls, with two Australian opals and 14 white diamonds (0.10ct), set in 18kt rose gold.",In stock,SKU    DW18E05RPR13,"AUD 12,660.00"
pearl-earrings-maxima-stud-earrings-yellow-gold,Maxima Stud Earrings - Yellow Gold,Paspaley earrings featuring mother-of-pearl set in 18kt yellow gold.,In stock,SKU    W15E01Y,AUD 980.00
pearl-earrings-maxima-studs-rose-gold,Maxima Studs – Rose Gold,"Paspaley earrings with two Australian opals (1.30ct) and 14 white diamonds (0.07ct), set in 18kt rose gold.",In stock,SKU    W18E06R,"AUD 3,980.00"
pearl-earrings-monsoon-budding-flower-earrings-white-gold,Monsoon Budding Flower Earrings - White Gold,"Paspaley Monsoon earrings featuring 2, 10mm oval drop Australian South Sea pearls set in 18kt white gold, with 64 white diamonds (0.44ct) and 396 tsavorites (4.92ct).",Out of stock,SKU    Y18E06WPD10,"AUD 26,800.00"
pearl-earrings-monsoon-budding-flower-earrings-yellow-gold,Monsoon Budding Flower Earrings - Yellow Gold,"Paspaley Monsoon earrings featuring 2, 10mm oval drop Australian South Sea pearls set in 18kt yellow gold, with 393 yellow diamonds and 64 white diamonds (5.36ct).",Out of stock,SKU    Y18E07YPD10,"AUD 48,800.00"
pearl-earrings-monsoon-chandelier-earrings-white-gold,Monsoon Chandelier Earrings - White Gold,"Paspaley Monsoon Earrings in 750 White Gold with 4, 10mm Round, 2, 10mm Oval Australian South Sea Pearls and 308 White Diamonds (3.03ct)",Out of stock,SKU    Y18E02WPR10,"AUD 32,800.00"
pearl-earrings-monsoon-chandelier-earrings-yellow-gold,Monsoon Chandelier Earrings - Yellow Gold,"Paspaley Monsoon Earrings in 750 Yellow Gold with 4, 10mm Round, 2, 10mm Oval Australian South Sea Pearls and 308 White Diamonds (3.03ct).",Out of stock,SKU    Y18E02YPR10,"AUD 32,800.00"
pearl-earrings-monsoon-cicada-earrings-white-gold,Monsoon Cicada Earrings - White Gold,"Paspaley Monsoon earrings featuring 2, 13mm oval drop Australian South Sea pearls set in 18kt white gold, with 4 emeralds and 574 white diamonds (3.25ct).",Out of stock,SKU    Y18E30WPD13,"AUD 32,800.00"
pearl-earrings-monsoon-cicada-earrings-yellow-gold,Monsoon Cicada Earrings - Yellow Gold,"Paspaley Monsoon earrings featuring 2, 13mm oval drop Australian South Sea pearls set in 18kt yellow gold, with 4 emeralds and 574 white diamonds (3.25ct).",Out of stock,SKU    Y18E30YPD13,"AUD 32,800.00"
pearl-earrings-monsoon-double-petal-earrings-white-gold,Monsoon Double Petal Earrings - White Gold,"Paspaley Monsoon earrings featuring 4, 8-9mm keshi baroque Australian South Sea pearls set in 18kt white gold, with 247 white diamonds (1.71ct).",In stock,SKU    DY18E03WKQ09,"AUD 22,780.00"
pearl-earrings-monsoon-double-petal-earrings-yellow-gold,Monsoon Double Petal Earrings - Yellow Gold,"Paspaley Monsoon earrings featuring 4, 8-9mm keshi baroque Australian South Sea pearls set in 18kt yellow gold, with 247 white diamonds (1.71ct).",Out of stock,SKU    DY18E03YKQ09,"AUD 22,780.00"
pearl-earrings-monsoon-earring-enhancer-l-r-white-gold,Monsoon Earring Enhancer L+R - White Gold,none,Out of stock,SKU    DY18AE01WLR,"AUD 3,360.00"
pearl-earrings-monsoon-earring-enhancer-l-r-yellow-gold,Monsoon Earring Enhancer L+R - Yellow Gold,none,In stock,SKU    DY18AE01YLR,"AUD 3,360.00"
pearl-earrings-monsoon-earring-enhancer-left-white-gold,Monsoon Earring Enhancer Left - White Gold,none,Out of stock,SKU    Y18AE01WL,"AUD 1,680.00"
pearl-earrings-monsoon-earring-enhancer-left-yellow-gold,Monsoon Earring Enhancer Left - Yellow Gold,none,Out of stock,SKU    Y18AE01YL,"AUD 1,680.00"
pearl-earrings-monsoon-earring-enhancer-right-white-gold,Monsoon Earring Enhancer Right - White Gold,none,Out of stock,SKU    Y18AE01WR,"AUD 1,680.00"
pearl-earrings-monsoon-earring-enhancer-right-yellow-gold,Monsoon Earring Enhancer Right - Yellow Gold,none,In stock,SKU    Y18AE01YR,"AUD 1,680.00"
pearl-earrings-monsoon-earring-enhancer-white-gold,Monsoon Earring Enhancer - White Gold,Paspaley Monsoon Earring Accessory in 750 White Gold with 33 White Diamonds (0.33ct).,Out of stock,SKU    DY18AE01W,"AUD 1,680.00"
pearl-earrings-monsoon-earring-enhancer-yellow-gold,Monsoon Earring Enhancer - Yellow Gold,Paspaley Monsoon Earring Accessory in 750 Yellow Gold with 33 White Diamonds (0.33ct).,In stock,SKU    DY18AE01Y,"AUD 1,680.00"
pearl-earrings-monsoon-single-petal-earrings-white-gold,Monsoon Single Petal Earrings - White Gold,"Paspaley Monsoon earrings featuring 2, 9mm keshi baroque Australian South Sea pearls set in 18kt white gold, with 151 white diamonds (0.96ct).",In stock,SKU    DY18E04WKQ09,"AUD 14,960.00"
pearl-earrings-monsoon-single-petal-earrings-yellow-gold,Monsoon Single Petal Earrings - Yellow Gold,"Paspaley Monsoon earrings featuring 2, 9mm keshi baroque Australian South Sea pearls set in 18kt yellow gold, with 151 white diamonds (0.96ct).",Out of stock,SKU    DY18E04YKQ09,"AUD 14,960.00"
pearl-earrings-monsoon-tsavorite-chandelier-earrings,Monsoon Tsavorite Chandelier Earrings,"Paspaley Monsoon Earrings in 750 White Gold with 4, 10mm Round, 2, 10mm Oval Australian South Sea Pearls, 106 White Diamonds (0.92ct) and 200 Tsavorites (2.36ct)",Out of stock,SKU    Y18E05WPR10,"AUD 29,800.00"
pearl-earrings-pearls-my-way-10mm-circle-earrings-yellow-gold,Pearls My Way 10mm Circle Earrings - Yellow Gold,"Paspaley earrings featuring two 10mm circle pearls set in 18kt yellow gold, with six white diamonds (0.02ct).",In stock,SKU    DC16E02YPC10,"AUD 2,460.00"
pearl-earrings-pearls-my-way-10mm-oval-earrings-white-gold,Pearls My Way 10mm Oval Earrings - White Gold,"Paspaley earrings featuring two, 10mm oval pearls set in 18kt white gold with 12 white diamonds (0.04ct)",In stock,SKU    DC16E02WPO10,"AUD 4,160.00"
pearl-earrings-pearls-my-way-diamond-earrings-10mm-oval-yellow-gold,Pearls My Way Diamond Earrings 10mm Oval - Yellow Gold,"Paspaley earrings featuring two, 10mm oval pearls set in 18kt yellow gold with 30 white diamonds (0.23ct)",In stock,SKU    DC16E05YPO10,"AUD 5,760.00"
pearl-earrings-pearls-my-way-diamond-earrings-12mm-oval-white-gold,Pearls My Way Diamond Earrings 12mm Oval  - White Gold,"Paspaley earrings featuring two 12mm oval pearls set in 18kt white gold, with 30 white diamonds (0.23ct).",In stock,SKU    DC16E05WPO12,"AUD 6,260.00"
pearl-earrings-pearls-my-way-pave-earrings-13mm-round-white-gold,Pearls My Way Pave Earrings 13mm Round - White Gold,"Paspaley earrings featuring two, 13mm round pearls set in 18kt white gold with 72 white diamonds (0.65ct)",In stock,SKU    DC16E06WPR13,"AUD 11,960.00"
pearl-earrings-rockpool-clam-shell-earrings-white-gold,Rockpool Clam Shell Earrings - White Gold,"Paspaley earrings featuring two, 5mm keshi baroque pearls set in 18kt white gold, with 278 white diamonds (1.76ct) and mother-of-pearl.",In stock,SKU    DC16E06WX17AE11,"AUD 14,560.00"
pearl-earrings-rockpool-clam-shell-earrings-yellow-gold,Rockpool Clam Shell Earrings - Yellow Gold,"Paspaley earrings featuring two, 5mm keshi baroque pearls set in 18kt yellow gold, with 278 white diamonds (1.76ct) and mother-of-pearl.",In stock,SKU    DC16E06YX17AE11,"AUD 14,560.00"
pearl-earrings-rockpool-cluster-earrings-platinum,Rockpool Cluster Earrings - Platinum,"Paspaley earrings featuring six, 6mm keshi baroque pearls set in platinum with and two white diamonds (0.37ct).",In stock,SKU    X17E13PKQ06,"AUD 8,880.00"
pearl-earrings-rockpool-paraiba-earrings-platinum,Rockpool Paraiba Earrings - Platinum,"Paspaley earrings featuring 14, 7-9mm keshi baroque pearls set in platinum, with 2 Paraiba tourmalines (7.86ct) and 197 white diamonds (1.89ct).",Out of stock,SKU    X17E12PKQ09,"AUD 68,800.00"
pearl-earrings-rockpool-pave-shell-earrings-white-gold,Rockpool Pave Shell Earrings - White Gold,"Paspaley earrings featuring two, 12mm round pearls set in 18kt white gold with 724 white diamonds (2.70ct).",Out of stock,SKU    X17E10WPR12,"AUD 29,800.00"
pearl-earrings-rockpool-pave-shell-earrings-yellow-gold,Rockpool Pave Shell Earrings - Yellow Gold,"Paspaley earrings featuring two, 12mm round pearls set in 18kt yellow gold with 724 white diamonds (2.70ct).",Out of stock,SKU    X17E10YPR12,"AUD 29,800.00"
pearl-earrings-round-pearl-studs-9mm,Round Pearl Studs - 9mm,"Paspaley stud earrings featuring two, 9mm round pearls set in 18kt yellow gold.",In stock,SKU    C00E40YPR09,"AUD 2,380.00"
pearl-earrings-shepherd-hook-earrings-circle-white-gold,Shepherd Hook Earrings Circle - White Gold,Paspaley Shepherd Hook earrings featuring two 10-11mm circlé pearls set in 18kt white gold.,In stock,SKU    C18E42WPC11,"AUD 1,580.00"
pearl-earrings-shepherd-hook-earrings-circle-yellow-gold,Shepherd Hook Earrings Circle - Yellow Gold,Paspaley Shepherd Hook earrings featuring two 10-11mm circlé pearls set in 18kt yellow gold.,In stock,SKU    C18E42YPC11,"AUD 1,580.00"
pearl-earrings-shepherd-hook-earrings-oval-white-gold,Shepherd Hook Earrings Oval - White Gold,Paspaley Shepherd Hook earrings featuring two 11mm oval pearls set in 18kt white gold.,In stock,SKU    C18E42WPO11,"AUD 2,980.00"
pearl-earrings-shepherd-hook-earrings-oval-yellow-gold,Shepherd Hook Earrings Oval - Yellow Gold,Paspaley Shepherd Hook earrings featuring two 11mm oval pearls set in 18kt yellow gold.,In stock,SKU    C18E42YPO11,"AUD 2,980.00"
pearl-earrings-touchstone-black-diamond-earrings-white-gold,Touchstone Black Diamond Earrings - White Gold,"Paspaley earrings featuring two, 11mm oval pearls set in 18kt white gold, with 22 black diamonds (0.77ct) and two white diamonds (0.07ct).",In stock,SKU    V16E02WPO11,"AUD 6,280.00"
pearl-earrings-touchstone-ruby-earrings-yellow-gold,Touchstone Ruby Earrings - Yellow Gold,"Paspaley earrings featuring two, 12mm triangle pearls set in 18kt yellow gold, with 22 rubies (0.66ct) and two white diamonds (0.07ct).",Out of stock,SKU    V14E02YPT12,"AUD 4,980.00"
pearl-necklaces-baroque-pearl-swap-white-gold,Baroque Pearl Swap - White Gold,"Paspaley swap clasp featuring one, 13mm baroque pearl with an 18kt white gold mechanism. Nitrile chord and cascade available separately.",In stock,SKU    C00L01WPQ13,"AUD 2,280.00"
pearl-necklaces-bella-pendant-white-gold,Bella Pendant - White Gold,Paspaley pendant featuring a 13mm semi round pearl set in 18kt white gold. Chain sold separately.,In stock,SKU    C00P04WPS13,"AUD 3,280.00"
pearl-necklaces-bella-pendant-yellow-gold,Bella Pendant - Yellow Gold,Paspaley pendant featuring a 13mm round pearl set in 18kt yellow gold. Chain sold separately.,Out of stock,SKU    C00P04YPR13,"AUD 3,750.00"
pearl-necklaces-circle-bella-petite-pendant-white-gold,Circlé Bella Petite Pendant - White Gold,Paspaley pendant featuring a 11mm circlé pearl set in 18kt white gold. Chain sold separately.,In stock,SKU    C00P05WPC11,AUD 880.00
pearl-necklaces-circle-bella-petite-pendant-yellow-gold,Circlé Bella Petite Pendant - Yellow Gold,Paspaley pendant featuring a 11mm circlé pearl set in 18kt yellow gold. Chain sold separately.,In stock,SKU    C00P05YPC11,AUD 880.00
pearl-necklaces-diamond-touchstone-pendant-13mm-oval-yellow-gold,Diamond Touchstone Pendant 13mm Oval  - Yellow Gold,"Paspaley pendant featuring one 13mm oval pearl set in 18kt yellow gold, with 23 white diamonds (0.23ct). Chain sold separately.",In stock,SKU    DC18P04YPO13,"AUD 5,160.00"
pearl-necklaces-grace-pendant-rose-gold,Grace Pendant - Rose Gold,"Paspaley pendant featuring a 12mm round pearl set in 18kt rose gold, with one white diamond (0.25ct). Chain sold separately.",In stock,SKU    C00P28RPR12,"AUD 4,780.00"
pearl-necklaces-grace-pendant-white-gold,Grace Pendant - White Gold,"Paspaley pendant featuring a 12mm round pearl set in 18kt white gold, with one white diamond (0.25ct). Chain sold separately.",In stock,SKU    C00P28WPR12,"AUD 4,780.00"
pearl-necklaces-grace-pendant-yellow-gold,Grace Pendant - Yellow Gold,"Paspaley pendant featuring a 12mm round pearl set in 18kt yellow gold, with one white diamond (0.25ct). Chain sold separately.",In stock,SKU    C00P28YPR12,"AUD 4,780.00"
pearl-necklaces-large-grace-pendant-white-gold,Large Grace Pendant - White Gold,"Paspaley pendant featuring a 14mm round pearl set in 18kt white gold, with one white diamond (0.25ct). Chain sold separately.",In stock,SKU    C00P28WPR14,"AUD 5,780.00"
pearl-necklaces-large-grace-pendant-yellow-gold,Large Grace Pendant - Yellow Gold,"Paspaley pendant featuring a 14mm round pearl set in 18kt yellow gold, with one white diamond (0.25ct). Chain sold separately.",In stock,SKU    C00P28YPR14,"AUD 5,780.00"
pearl-necklaces-lavalier-circle-rose-gold,Lavalier Circlé - Rose Gold,"Paspaley necklace featuring a loose 15mm circlé pearl encased in 18kt rose gold, with 12 white diamonds on clasp (0.03ct). Length is adjustable (40-73cm).",In stock,SKU    DH16N01RC,"AUD 5,160.00"
pearl-necklaces-lavalier-circle-white-gold,Lavalier Circlé - White Gold,"Paspaley necklace featuring a loose 15mm circlé pearl encased in 18kt white gold, with 12 white diamonds on clasp (0.03ct). Length is adjustable (40-73cm).",In stock,SKU    DH13N01W83C,"AUD 5,160.00"
pearl-necklaces-lavalier-circle-yellow-gold,Lavalier Circlé - Yellow Gold,"Paspaley necklace featuring a loose 15mm circlé pearl encased in 18kt yellow gold, with 12 white diamonds on clasp (0.03ct). Length is adjustable (40-73cm).",In stock,SKU    DH13N01Y83C,"AUD 5,160.00"
pearl-necklaces-lavalier-opal-hero-rose-gold,Lavalier Opal Hero - Rose Gold,"Paspaley necklace featuring a loose 16mm round pearl encased in 18kt rose gold, with 30 opals (0.90ct), 68 white diamonds (0.90ct), and one 6mm keshi pearl. Length is adjustable (42-85cm).",Out of stock,SKU    DH15N30RH,"AUD 25,600.00"
pearl-necklaces-lavalier-petite-circle-white-gold,Lavalier Petite Circlé - White Gold,"Paspaley necklace featuring a loose 13mm circlé pearl encased in 18ct white gold, with 12 white diamonds on claps (0.02ct). Length is adjustable (40cm-78cm).",In stock,SKU    DH14N20WC,"AUD 3,860.00"
pearl-necklaces-lavalier-petite-circle-yellow-gold,Lavalier Petite Circlé - Yellow Gold,"Paspaley necklace featuring a loose 13mm circlé pearl encased in 18ct yellow gold, with 12 white diamonds on clasp (0.02ct). Length is adjustable (40cm-78cm).",In stock,SKU    DH14N20YC,"AUD 3,860.00"
pearl-necklaces-lavalier-petite-diamond-rose-gold,Lavalier Petite Diamond - Rose Gold,"Paspaley necklace featuring a loose 13mm circlé pearl encased in 18ct rose gold, with 51 white diamonds on clasp (0712ct). Length is adjustable (40cm-78cm).",Out of stock,SKU    DH17N21RC,"AUD 8,960.00"
pearl-necklaces-maxima-black-necklet-white-gold,Maxima Black Necklet - White Gold,"Paspaley necklace set in 18kt white gold, with black mother-of-pearl and 76 white diamonds (0.30ct).",In stock,SKU    W17N01W,"AUD 3,880.00"
pearl-necklaces-maxima-black-rope-necklace-white-gold,Maxima Black Rope Necklace - White Gold,"Paspaley necklace featuring one, 11mm round pearl and black mother-of-pearl, with 2017 white diamonds (6.10ct), set in 18kt white gold.",Out of stock,SKU    W17N02WPR11,"AUD 59,800.00"
pearl-necklaces-maxima-chain-necklace-rose-gold,Maxima Chain Necklace – Rose Gold,Paspaley necklace featuring 11 Australian opals (6.35ct) and 101 white diamonds (0.60ct) set in 18kt rose gold.,In stock,SKU    W18N05R,"AUD 17,800.00"
pearl-necklaces-maxima-necklet-rose-gold,Maxima Necklet – Rose Gold,Paspaley necklace with one Australian opal (1.10ct) and 19 white diamonds (0.12ct) set in 18kt rose gold.,In stock,SKU    W18N06R,"AUD 3,980.00"
pearl-necklaces-maxima-necklet-yellow-gold,Maxima Necklet - Yellow Gold,"Paspaley necklace featuring mother-of-pearl set in 18kt yellow gold, with 12 white diamonds (0.05ct).",In stock,SKU    W15N01Y,"AUD 1,780.00"
pearl-necklaces-maxima-pearl-rope-necklace-yellow-gold,Maxima Pearl Rope Necklace - Yellow Gold,"Paspaley necklace featuring nine, 11-12mm round pearls set in 18kt yellow gold with mother-of-pearl and 232 white diamonds (1.2ct).",Out of stock,SKU    W15N11YPR12,"AUD 34,800.00"
pearl-necklaces-maxima-rope-necklace-rose-gold,Maxima Rope Necklace – Rose Gold,"Paspaley necklace with 23 Australian opals (13.10ct) and 197 white diamonds (1.20ct), set in 18kt rose gold.",Out of stock,SKU    W18N07R,"AUD 36,800.00"
pearl-necklaces-maxima-rope-necklace-yellow-gold,Maxima Rope Necklace - Yellow Gold,Paspaley necklace featuring mother-of-pearl set in 18kt yellow gold with 30 white diamonds (0.62ct).,In stock,SKU    W15N02Y,"AUD 9,980.00"
pearl-necklaces-maxima-single-pearl-necklace-white-gold,Maxima Single Pearl Necklace - White Gold,"Paspaley Maxima mother-of-pearl necklace featuring one, 15mm round Australian South Sea pearl set in 750 white gold with two hundred and nine white diamonds, total 1.20 carats.",In stock,SKU    W15N07WPR15,"AUD 22,800.00"
pearl-necklaces-monsoon-budding-flower-pendant-white-gold,Monsoon Budding Flower Pendant - White Gold,"Paspaley Monsoon pendant featuring a 12mm oval Australian South Sea pearl set in 18kt white gold, with 45 white diamonds (0.31ct) and 201 tsavorites (2.80ct).",Out of stock,SKU    Y18P06WPO12,"AUD 16,800.00"
pearl-necklaces-monsoon-budding-flower-pendant-yellow-gold,Monsoon Budding Flower Pendant - Yellow Gold,"Paspaley Monsoon pendant featuring a 12mm oval Australian South Sea pearl set in 18kt yellow gold, with 201 yellow diamonds and 45 white diamonds (3.11ct).",Out of stock,SKU    Y18P07YPO12,"AUD 35,800.00"
pearl-necklaces-monsoon-large-cicada-pendant-white-gold,Monsoon Large Cicada Pendant - White Gold,"Paspaley Monsoon pendant featuring a 16mm oval drop Australian South Sea pearl set in 18kt white gold, with, 2 emeralds (0.28ct) and 438 white diamonds (2.38ct).",Out of stock,SKU    Y18P30WPO16,"AUD 32,800.00"
pearl-necklaces-monsoon-large-cicada-pendant-yellow-gold,Monsoon Large Cicada Pendant - Yellow Gold,"Paspaley Monsoon pendant featuring a 16mm oval drop Australian South Sea pearl set in 18kt yellow gold, with 2 emeralds (0.28ct) and 438 white diamonds (2.38ct).",Out of stock,SKU    Y18P30YPO16,"AUD 32,800.00"
pearl-necklaces-monsoon-petal-pendant-necklace-yellow-gold,Monsoon Petal Pendant Necklace - Yellow Gold,Paspaley Monsoon Necklace in 750 Yellow Gold with a 10mm Keshi Baroque Australian South Sea Pearl and 81 White Diamonds (0.58ct). Length 52cms.,In stock,SKU    Y18N04YKQ10,"AUD 7,680.00"
pearl-necklaces-monsoon-wildflower-collier-yellow-gold,Monsoon Wildflower Collier - Yellow Gold,"Paspaley Monsoon Unique Collier in 750 Yellow Gold with 77, 4-11mm Keshi Baroque Australian South Sea Pearls, 82 White Diamonds (3.40ct) and 397 Yellow Diamonds (8.36ct).",Out of stock,SKU    Y18N03YKQ11,"AUD 228,000.00"
pearl-necklaces-oval-bella-petite-pendant-yellow-gold,Oval Bella Petite Pendant - Yellow Gold,Paspaley pendant featuring a 11mm oval pearl set in 18kt yellow gold. Chain sold separately.,In stock,SKU    C00P05YPO11,"AUD 1,780.00"
pearl-necklaces-palais-pearl-necklace-rose-gold,Palais Pearl Necklace - Rose Gold,"Paspaley necklace featuring a 13mm triangle pearl set in 18kt rose gold, with 12 white diamonds (0.06ct).",Out of stock,SKU    C00N15RPT13,"AUD 2,780.00"
pearl-necklaces-palais-pearl-necklace-white-gold,Palais Pearl Necklace - White Gold,"Paspaley necklace featuring a 14mm triangle pearl set in 18kt white gold, with 30 white diamonds (0.20ct).",In stock,SKU    C00N14WPT14,"AUD 3,280.00"
pearl-necklaces-palais-pearl-necklace-yellow-gold,Palais Pearl Necklace - Yellow Gold,"Paspaley necklace featuring a 14mm triangle pearl set in 18kt yellow gold, with 30 white diamonds (0.20ct).",In stock,SKU    C00N14YPT14,"AUD 3,280.00"
pearl-necklaces-pearls-my-way-pave-pendant-14mm-round-white-gold,Pearls My Way Pave Pendant 14mm Round - White Gold,"Paspaley pendant featuring one 14mm round pearl set in 18kt white gold, with 49 white diamonds (0.26ct). Chain sold separately.",In stock,SKU    DC18P03WPR14,"AUD 8,960.00"
pearl-necklaces-rockpool-long-chain-white-gold,Rockpool Long Chain - White Gold,"Paspaley Australian South Sea Keshi chain in 18kt white gold with 20, 5mm Keshi baroque pearls and 18 white diamonds (0.44ct). Pendant sold separately.",In stock,SKU    X17C10WKQ05,"AUD 10,800.00"
pearl-necklaces-rockpool-paraiba-collier-platinum,Rockpool Paraiba Collier - Platinum,"Paspaley collier featuring 110, 5-11mm keshi baroque pearls set in platinum, with 15 Paraiba tourmalines (82.47ct) and 521 white diamonds (11.78ct).",Out of stock,SKU    X17N10PKQ11,"AUD 388,000.00"
pearl-necklaces-rockpool-pendant-white-gold,Rockpool Pendant - White Gold,"Paspaley pendant featuring a 6mm keshi baroque pearl set in 18kt white gold, with mother-of-pearl and 122 white diamonds (0.54ct). Chain sold separately.",In stock,SKU    X17P11WKQ06,"AUD 9,280.00"
pearl-necklaces-rockpool-pendant-yellow-gold,Rockpool Pendant - Yellow Gold,"Paspaley pendant featuring a 6mm keshi baroque pearl set in 18kt yellow gold, with mother-of-pearl and 122 white diamonds (0.54ct). Chain sold separately.",In stock,SKU    X17P11YKQ06,"AUD 9,280.00"
pearl-necklaces-rockpool-petite-pendant-white-gold,Rockpool Petite Pendant - White Gold,"Paspaley pendant featuring mother-of-pearl set in 18kt white gold, with 91 white diamonds (0.46ct). Chain sold separately.",In stock,SKU    X17P10W,"AUD 7,280.00"
pearl-necklaces-rockpool-petite-pendant-yellow-gold,Rockpool Petite Pendant - Yellow Gold,"Paspaley pendant featuring mother-of-pearl set in 18kt yellow gold, with 91 white diamonds (0.46ct). Chain sold separately.",In stock,SKU    X17P10Y,"AUD 7,280.00"
pearl-necklaces-rockpool-short-chain-yellow-gold,Rockpool Short Chain - Yellow Gold,"Paspaley necklace featuring 10, 5mm keshi baroque pearls set in 18kt yellow gold, with 12 white diamonds (0.23ct). Pendant sold separately.",In stock,SKU    X17C11YKQ05,"AUD 6,880.00"
pearl-necklaces-rockpool-tanzanite-collier-platinum,Rockpool Tanzanite Collier - Platinum,"Paspaley collier featuring 70, 4-6mm keshi baroque pearls set in platinum, with 10 tanzanites (55.59ct) and 1904 white diamonds (28.26ct) and 131 amethysts (3.44ct).",Out of stock,SKU    X17N11PKQ06,"AUD 258,000.00"
pearl-necklaces-semi-round-pearl-swap-yellow-gold,Semi Round Pearl Swap - Yellow Gold,"Paspaley swap featuring one, 14mm semi round pearl with an 18kt yellow gold mechanism. Nitrile chord and cascade available separately.",Out of stock,SKU    C00L01YPS14,"AUD 4,480.00"
pearl-necklaces-touchstone-black-diamond-necklace-white-gold,Touchstone Black Diamond Necklace - White Gold,"Paspaley necklace featuring seven, 12mm oval pearls set in 18kt white gold, with 140 black diamonds (1.21ct) and 12 white diamonds (0.03ct).",In stock,SKU    V16N01WPO12,"AUD 13,800.00"
pearl-necklaces-touchstone-long-ruby-necklace-yellow-gold,Touchstone Long Ruby Necklace - Yellow Gold,"Paspaley necklace featuring 12, 12mm button pearls set in 18kt yellow gold, with 272 rubies (4.27ct).",Out of stock,SKU    V14N03YPB12,"AUD 24,800.00"
pearl-necklaces-touchstone-ruby-12mm-round-pendant-yellow-gold,Touchstone Ruby 12mm Round Pendant - Yellow Gold,"Paspaley pendant featuring one, 12mm round pearl set in 18kt yellow gold, with 22 rubies (0.25ct) and 12 white diamonds (0.06ct). Chain sold separately.",In stock,SKU    DC18P06YPR12,"AUD 6,760.00"
pearl-necklaces-touchstone-ruby-necklace-yellow-gold,Touchstone Ruby Necklace - Yellow Gold,"Paspaley necklace featuring a 13mm triangle pearl set in 18kt yellow gold, with ten rubies (0.10ct) and 12 white diamonds (0.03ct).",Out of stock,SKU    V14N04YPT13,"AUD 3,280.00"
pearl-necklaces-touchstone-ruby-tassel-yellow-gold,Touchstone Ruby Tassel - Yellow Gold,"Paspaley necklace featuring one, 13mm triangle pearl set in 18kt yellow gold, with 25 rubies (1.08ct) and 52 white diamonds (0.24ct).",In stock,SKU    V14N06YPT13,"AUD 7,280.00"
pearl-rings-embrace-the-sea-ring-yellow-gold,Embrace the Sea Ring - Yellow Gold,"Paspaley ring featuring a 10mm keshi baroque pearl set in 18kt yellow gold, with 16 white diamonds (0.29ct).",In stock,SKU    C00R12YKQ10,"AUD 3,980.00"
pearl-rings-julia-ring-white-gold,Julia Ring - White Gold,"Paspaley ring featuring a 9mm-10mm keshi baroque pearl set in 18kt white gold, with two white diamonds (0.03ct).",In stock,SKU    DC00R02WKQ10,"AUD 1,780.00"
pearl-rings-julia-ring-yellow-gold,Julia Ring - Yellow Gold,"Paspaley ring featuring a 9mm-10mm keshi baroque pearl set in 18kt yellow gold, with two white diamonds (0.03ct).",In stock,SKU    DC00R02YKQ10,"AUD 1,780.00"
pearl-rings-keshi-cluster-ring-yellow-gold,Keshi Cluster Ring - Yellow Gold,"Paspaley ring featuring three, 5mm-7mm keshi baroque pearls set in 18kt yellow gold.",In stock,SKU    C00R11YKQ05,"AUD 1,780.00"
pearl-rings-keshi-eternity-ring-white-gold,Keshi Eternity Ring - White Gold,"Paspaley ring featuring a 10mm keshi baroque pearl set in 18kt white gold, with 12 white diamonds (0.30ct).",In stock,SKU    C11R10WKQ10,"AUD 3,280.00"
pearl-rings-keshi-eternity-ring-yellow-gold,Keshi Eternity Ring - Yellow Gold,"Paspaley ring featuring a 10mm keshi baroque pearl set in 18kt yellow gold, with 12 white diamonds (0.30ct).",In stock,SKU    C11R10YKQ10,"AUD 3,280.00"
pearl-rings-maxima-black-ring-white-gold,Maxima Black Ring - White Gold,"Paspaley ring featuring black mother-of-pearl set in 18kt white gold, with 70 white diamonds (0.70ct).",In stock,SKU    DW17R01W,"AUD 6,280.00"
pearl-rings-maxima-ring-rose-gold,Maxima Ring – Rose Gold,"Paspaley ring with two Australian opals (1.50ct) and 44 white diamonds (0.50ct), set in 18kt rose gold.",In stock,SKU    DW18R05R,"AUD 5,980.00"
pearl-rings-maxima-ring-yellow-gold,Maxima Ring - Yellow Gold,"Paspaley ring featuring mother-of-pearl set in 18kt yellow gold, with two white diamonds.",In stock,SKU    DW15R01Y,"AUD 1,580.00"
pearl-rings-maxima-snake-ring-rose-gold,Maxima Snake Ring – Rose Gold,"Paspaley ring with one 11mm round pearl, two Australian opals (1.40ct) and 57 white diamonds (0.60ct), set in 18kt rose gold.",In stock,SKU    DW18R06RPR11,"AUD 9,880.00"
pearl-rings-maxima-snake-ring-yellow-gold,Maxima Snake Ring - Yellow Gold,"Paspaley ring featuring one, 11mm round pearl set in 18kt yellow gold, with mother-of-pearl and 57 white diamonds (0.60ct).",In stock,SKU    DW17R02YPR11,"AUD 6,980.00"
pearl-rings-monsoon-large-button-ring-white-gold,Monsoon Large Button Ring - White Gold,Paspaley Monsoon Ring in 750 White Gold with a 15mm Button Australian South Sea Pearl and White Diamonds.,In stock,SKU    DY18R02WPB15,"AUD 24,800.00"
pearl-rings-monsoon-large-button-ring-yellow-gold,Monsoon Large Button Ring - Yellow Gold,Paspaley Monsoon Ring in 750 Yellow Gold with a 15mm Button Australian South Sea Pearl and White Diamonds.,In stock,SKU    DY18R02YPB15,"AUD 24,800.00"
pearl-rings-monsoon-wildflower-ring-yellow-gold,Monsoon Wildflower Ring - Yellow Gold,"Paspaley Monsoon ring featuring 2, 5-11mm keshi baroque Australian South Sea pearls set in 18kt yellow gold, with 108 yellow diamonds and 36 white diamonds (2.10ct).",Out of stock,SKU    Y18R06YKQ11,"AUD 24,800.00"
pearl-rings-monsoon-wrap-ring-white-gold,Monsoon Wrap Ring - White Gold,Paspaley Monsoon Ring in 750 White Gold with a 9mm Oval Australian South Sea Pearl and 69 White Diamonds (0.72ct).,In stock,SKU    DY18R01WPO09,"AUD 6,980.00"
pearl-rings-monsoon-wrap-ring-yellow-gold,Monsoon Wrap Ring - Yellow Gold,Paspaley Monsoon Ring in 750 Yellow Gold with a 9mm Oval Australian South Sea Pearl and 69 White Diamonds (0.72ct).,In stock,SKU    DY18R01YPO09,"AUD 6,980.00"
pearl-rings-pave-cherish-ring-white-gold,Pavé Cherish Ring - White Gold,"Paspaley ring featuring a 10mm round pearl set in 18kt white gold, with 40 white diamonds (0.20ct).",Out of stock,SKU    C11R08WPR10,"AUD 3,980.00"
pearl-rings-pave-cherish-ring-yellow-gold,Pave Cherish Ring - Yellow Gold,"Paspaley ring featuring a 10mm round pearl set in 18kt yellow gold, with 40 white diamonds (0.20ct).",In stock,SKU    C11R08YPR10,"AUD 3,980.00"
pearl-rings-rockpool-ring-white-gold,Rockpool Ring - White Gold,"Paspaley ring featuring one, 11mm round pearl set in 18kt white gold, with 112 white diamonds (0.35ct).",In stock,SKU    DX17R10WPR11,"AUD 7,680.00"
pearl-rings-touchstone-black-diamond-ring-white-gold,Touchstone Black Diamond Ring - White Gold,"Paspaley ring featuring a 9-10mm oval pearl set in 18kt white gold, with 39 black diamonds (0.48ct).",Out of stock,SKU    DV16R01WPO09,"AUD 4,980.00"
pearl-rings-touchstone-diamond-ring-yellow-gold,Touchstone Diamond Ring - Yellow Gold,"Paspaley ring featuring a 9-10mm oval pearl set in 18kt yellow gold, with 39 white diamonds (0.48ct).",In stock,SKU    DV16R01YPO09,"AUD 5,480.00"
pearl-rings-touchstone-ruby-ring-yellow-gold,Touchstone Ruby Ring - Yellow Gold,"Paspaley ring featuring a 9-10mm oval pearl set in 18kt yellow gold, with 39 rubies (0.48ct).",Out of stock,SKU    DV16R02YPO09,"AUD 4,780.00"
petite-circle-strand,Petite Circle Strand,"Paspaley 43.5cm choker length strand featuring 40, 10-12mm circle pearls. Identified by the Paspaley Strand Signature, a brilliant cut diamond set seamlessly in the end pearl.",Out of stock,SKU    SCPC1012098,"AUD 9,980.00"
