link,text
https://www.paspaley.com/jewellery/pearl-accessories/omega-chain-white-gold,Omega Chain - White Gold
https://www.paspaley.com/jewellery/pearl-accessories/pearl-cufflinks-white-gold,Pearl Cufflinks - White Gold
https://www.paspaley.com/jewellery/pearl-accessories/omega-chain-yellow-gold,Omega Chain - Yellow Gold
https://www.paspaley.com/jewellery/pearl-accessories/long-trace-chain-white-gold,Long Trace Chain - White Gold
https://www.paspaley.com/jewellery/pearl-accessories/fine-mirror-trace-chain-rose-gold,Fine Mirror Trace Chain - Rose Gold
https://www.paspaley.com/jewellery/pearl-accessories/fine-mirror-trace-chain-yellow-gold,Fine Mirror Trace Chain - Yellow Gold
https://www.paspaley.com/jewellery/pearl-accessories/nitrile-bayonet-clasp-white-gold,Nitrile Bayonet Clasp - White Gold
https://www.paspaley.com/jewellery/pearl-accessories/nitrile-bayonet-clasp-yellow-gold,Nitrile Bayonet Clasp - Yellow Gold
https://www.paspaley.com/jewellery/pearl-accessories/key-end-nitrile-yellow-gold,Key End Nitrile - Yellow Gold
https://www.paspaley.com/jewellery/pearl-accessories/fine-key-end-nitrile-yellow-gold,Fine Key End Nitrile - Yellow Gold
https://www.paspaley.com/jewellery/pearl-accessories/fine-key-end-nitrile-white-gold,Fine Key End Nitrile - White Gold
https://www.paspaley.com/jewellery/pearl-accessories/chalif-cascade-chain-yellow-gold,Chalif Cascade Chain - Yellow Gold
https://www.paspaley.com/jewellery/pearl-accessories/black-spinel-cascade-white-gold,Black Spinel Cascade - White Gold
https://www.paspaley.com/jewellery/pearl-accessories/fine-mirror-trace-chain-white-gold,Fine Mirror Trace Chain - White Gold
https://www.paspaley.com/jewellery/pearl-accessories/paspaley-mother-of-pearl-shell,Paspaley Mother-of-Pearl shell
https://www.paspaley.com/jewellery/pearl-bracelets/monsoon-wildflower-cuff-yellow-gold,Monsoon Wildflower Cuff - Yellow Gold
https://www.paspaley.com/jewellery/pearl-bracelets/rockpool-tanzanite-bracelet-platinum,Rockpool Tanzanite Bracelet - Platinum
https://www.paspaley.com/jewellery/pearl-bracelets/maxima-chain-bracelet-yellow-gold,Maxima Chain Bracelet - Yellow Gold
https://www.paspaley.com/jewellery/pearl-bracelets/maxima-diamond-bracelet-yellow-gold,Maxima Diamond Bracelet - Yellow Gold
https://www.paspaley.com/jewellery/pearl-bracelets/maxima-diamond-bracelet-white-gold,Maxima Diamond Bracelet - White Gold
https://www.paspaley.com/jewellery/pearl-bracelets/maxima-bracelet-yellow-gold,Maxima Bracelet - Yellow Gold
https://www.paspaley.com/jewellery/pearl-bracelets/paradis-bracelet-white-gold,Paradis Bracelet - White Gold
https://www.paspaley.com/jewellery/pearl-bracelets/paradis-bracelet-yellow-gold,Paradis Bracelet - Yellow Gold
https://www.paspaley.com/jewellery/pearl-bracelets/touchstone-black-diamond-bracelet-white-gold,Touchstone Black Diamond Bracelet - White Gold
https://www.paspaley.com/jewellery/pearl-bracelets/touchstone-ruby-bracelet-yellow-gold,Touchstone Ruby Bracelet - Yellow Gold
https://www.paspaley.com/jewellery/pearl-bracelets/kimberley-onyx-bracelet-round-pearl,Kimberley Onyx Bracelet - Round Pearl
https://www.paspaley.com/jewellery/pearl-bracelets/kimberley-onyx-bracelet-circle-pearl,Kimberley Onyx Bracelet - Circlé Pearl
https://www.paspaley.com/jewellery/pearl-bracelets/kimberley-bracelet-circle-pearl,Kimberley Bracelet - Circlé Pearl
https://www.paspaley.com/jewellery/pearl-bracelets/kimberley-bracelet-petite-circle-pearl,Kimberley Bracelet - Petite Circlé Pearl
https://www.paspaley.com/jewellery/pearl-bracelets/kimberley-bracelet-button-pearl,Kimberley Bracelet - Button Pearl
https://www.paspaley.com/jewellery/pearl-bracelets/kimberley-bracelet-petite-triangle-pearl,Kimberley Bracelet - Petite Triangle pearl
https://www.paspaley.com/jewellery/pearl-bracelets/odyssey-pod-bracelet-yellow-gold,Odyssey Pod Bracelet - Yellow Gold
https://www.paspaley.com/jewellery/pearl-clasps/monsoon-budding-flower-clasp-yellow-gold,Monsoon Budding Flower Clasp - Yellow Gold
https://www.paspaley.com/jewellery/pearl-clasps/monsoon-budding-flower-clasp-white-gold,Monsoon Budding Flower Clasp - White Gold
https://www.paspaley.com/jewellery/pearl-clasps/rockpool-mother-of-pearl-clasp-yellow-gold,Rockpool Mother-of-Pearl Clasp - Yellow Gold
https://www.paspaley.com/jewellery/pearl-clasps/rockpool-mother-of-pearl-clasp-white-gold,Rockpool Mother-of-Pearl Clasp - White Gold
https://www.paspaley.com/jewellery/pearl-clasps/rockpool-pave-clasp-yellow-gold,Rockpool Pave Clasp - Yellow Gold
https://www.paspaley.com/jewellery/pearl-clasps/rockpool-pave-clasp-white-gold,Rockpool Pave Clasp - White Gold
https://www.paspaley.com/jewellery/pearl-clasps/maxima-clasp-white-gold,Maxima Clasp - White Gold
https://www.paspaley.com/jewellery/pearl-clasps/maxima-clasp-yellow-gold,Maxima Clasp - Yellow Gold
https://www.paspaley.com/jewellery/pearl-clasps/touchstone-black-diamond-clasp-white-gold,Touchstone Black Diamond Clasp - White Gold
https://www.paspaley.com/jewellery/pearl-earrings/lavalier-opal-hero-earrings-rose-gold,Lavalier Opal Hero Earrings - Rose Gold
https://www.paspaley.com/jewellery/pearl-earrings/lavalier-earrings-circle-white-gold,Lavalier Earrings Circlé - White Gold
https://www.paspaley.com/jewellery/pearl-earrings/lavalier-earrings-circle-yellow-gold,Lavalier Earrings Circlé - Yellow Gold
https://www.paspaley.com/jewellery/pearl-earrings/monsoon-chandelier-earrings-white-gold,Monsoon Chandelier Earrings - White Gold
https://www.paspaley.com/jewellery/pearl-earrings/monsoon-budding-flower-earrings-yellow-gold,Monsoon Budding Flower Earrings - Yellow Gold
https://www.paspaley.com/jewellery/pearl-earrings/monsoon-single-petal-earrings-yellow-gold,Monsoon Single Petal Earrings - Yellow Gold
https://www.paspaley.com/jewellery/pearl-earrings/monsoon-chandelier-earrings-yellow-gold,Monsoon Chandelier Earrings - Yellow Gold
https://www.paspaley.com/jewellery/pearl-earrings/monsoon-earring-enhancer-white-gold,Monsoon Earring Enhancer - White Gold
https://www.paspaley.com/jewellery/pearl-earrings/monsoon-cicada-earrings-white-gold,Monsoon Cicada Earrings - White Gold
https://www.paspaley.com/jewellery/pearl-earrings/monsoon-double-petal-earrings-white-gold,Monsoon Double Petal Earrings - White Gold
https://www.paspaley.com/jewellery/pearl-earrings/monsoon-tsavorite-chandelier-earrings,Monsoon Tsavorite Chandelier Earrings
https://www.paspaley.com/jewellery/pearl-earrings/monsoon-cicada-earrings-yellow-gold,Monsoon Cicada Earrings - Yellow Gold
https://www.paspaley.com/jewellery/pearl-earrings/monsoon-double-petal-earrings-yellow-gold,Monsoon Double Petal Earrings - Yellow Gold
https://www.paspaley.com/jewellery/pearl-earrings/monsoon-earring-enhancer-yellow-gold,Monsoon Earring Enhancer - Yellow Gold
https://www.paspaley.com/jewellery/pearl-earrings/monsoon-budding-flower-earrings-white-gold,Monsoon Budding Flower Earrings - White Gold
https://www.paspaley.com/jewellery/pearl-earrings/monsoon-single-petal-earrings-white-gold,Monsoon Single Petal Earrings - White Gold
https://www.paspaley.com/jewellery/pearl-earrings/keshi-pearl-studs-7mm,Keshi Pearl Studs - 7mm
https://www.paspaley.com/jewellery/pearl-earrings/keshi-pearl-studs-9mm,Keshi Pearl Studs - 9mm
https://www.paspaley.com/jewellery/pearl-earrings/round-pearl-studs-9mm,Round Pearl Studs - 9mm
https://www.paspaley.com/jewellery/pearl-earrings/button-pearl-studs-11mm,Button Pearl Studs - 11mm
https://www.paspaley.com/jewellery/pearl-earrings/shepherd-hook-earrings-circle-white-gold,Shepherd Hook Earrings Circle - White Gold
https://www.paspaley.com/jewellery/pearl-earrings/shepherd-hook-earrings-circle-yellow-gold,Shepherd Hook Earrings Circle - Yellow Gold
https://www.paspaley.com/jewellery/pearl-earrings/shepherd-hook-earrings-oval-white-gold,Shepherd Hook Earrings Oval - White Gold
https://www.paspaley.com/jewellery/pearl-earrings/shepherd-hook-earrings-oval-yellow-gold,Shepherd Hook Earrings Oval - Yellow Gold
https://www.paspaley.com/jewellery/pearl-earrings/diamond-shepherd-hook-earrings-round-yellow-gold,Diamond Shepherd Hook Earrings Round - Yellow Gold
https://www.paspaley.com/jewellery/pearl-earrings/diamond-shepherd-hook-earrings-round-white-gold,Diamond Shepherd Hook Earrings Round - White Gold
https://www.paspaley.com/jewellery/pearl-earrings/diamond-shepherd-hook-earrings-13mm-round-yellow-gold,Diamond Shepherd Hook Earrings 13mm Round - Yellow Gold
https://www.paspaley.com/jewellery/pearl-earrings/grace-earrings-white-gold,Grace Earrings - White Gold
https://www.paspaley.com/jewellery/pearl-earrings/grace-earrings-yellow-gold,Grace Earrings - Yellow Gold
https://www.paspaley.com/jewellery/pearl-earrings/rockpool-clam-shell-earrings-white-gold,Rockpool Clam Shell Earrings - White Gold
https://www.paspaley.com/jewellery/pearl-earrings/rockpool-clam-shell-earrings-yellow-gold,Rockpool Clam Shell Earrings - Yellow Gold
https://www.paspaley.com/jewellery/pearl-earrings/dolce-earrings-white-gold,Dolce Earrings - White Gold
https://www.paspaley.com/jewellery/pearl-earrings/dew-drop-earrings-platinum,Dew Drop Earrings - Platinum
https://www.paspaley.com/jewellery/pearl-earrings/dew-drop-earrings-yellow-gold,Dew Drop Earrings - Yellow Gold
https://www.paspaley.com/jewellery/pearl-earrings/touchstone-ruby-earrings-yellow-gold,Touchstone Ruby Earrings - Yellow Gold
https://www.paspaley.com/jewellery/pearl-earrings/touchstone-black-diamond-earrings-white-gold,Touchstone Black Diamond Earrings - White Gold
https://www.paspaley.com/jewellery/pearl-earrings/maxima-irukandji-earrings-white-gold,Maxima Irukandji Earrings - White Gold
https://www.paspaley.com/jewellery/pearl-earrings/maxima-black-studs-white-gold,Maxima Black Studs - White Gold
https://www.paspaley.com/jewellery/pearl-earrings/rockpool-pave-shell-earrings-white-gold,Rockpool Pave Shell Earrings - White Gold
https://www.paspaley.com/jewellery/pearl-earrings/rockpool-pave-shell-earrings-yellow-gold,Rockpool Pave Shell Earrings - Yellow Gold
https://www.paspaley.com/jewellery/pearl-earrings/rockpool-paraiba-earrings-platinum,Rockpool Paraiba Earrings - Platinum
https://www.paspaley.com/jewellery/pearl-earrings/rockpool-cluster-earrings-platinum,Rockpool Cluster Earrings - Platinum
https://www.paspaley.com/jewellery/pearl-earrings/maxima-pearls-my-way-earrings-yellow-gold,Maxima Pearls My Way Earrings - Yellow Gold
https://www.paspaley.com/jewellery/pearl-earrings/maxima-stud-earrings-yellow-gold,Maxima Stud Earrings - Yellow Gold
https://www.paspaley.com/jewellery/pearl-earrings/maxima-pearl-earrings-white-gold,Maxima Pearl Earrings - White Gold
https://www.paspaley.com/jewellery/pearl-earrings/pearls-my-way-10mm-oval-earrings-white-gold,Pearls My Way 10mm Oval Earrings - White Gold
https://www.paspaley.com/jewellery/pearl-earrings/pearls-my-way-10mm-circle-earrings-yellow-gold,Pearls My Way 10mm Circle Earrings - Yellow Gold
https://www.paspaley.com/jewellery/pearl-earrings/pearls-my-way-diamond-earrings-12mm-oval-white-gold,Pearls My Way Diamond Earrings 12mm Oval  - White Gold
https://www.paspaley.com/jewellery/pearl-earrings/pearls-my-way-diamond-earrings-10mm-oval-yellow-gold,Pearls My Way Diamond Earrings 10mm Oval - Yellow Gold
https://www.paspaley.com/jewellery/pearl-earrings/pearls-my-way-pave-earrings-13mm-round-white-gold,Pearls My Way Pave Earrings 13mm Round - White Gold
https://www.paspaley.com/jewellery/pearl-earrings/diamond-touchstone-earrings-14mm-baroque-white-gold,Diamond Touchstone Earrings 14mm Baroque  - White Gold
https://www.paspaley.com/jewellery/pearl-earrings/diamond-touchstone-earrings-12mm-oval-yellow-gold,Diamond Touchstone Earrings 12mm Oval  - Yellow Gold
https://www.paspaley.com/jewellery/pearl-earrings/maxima-pearls-my-way-rose-gold,Maxima Pearls My Way – Rose Gold
https://www.paspaley.com/jewellery/pearl-earrings/maxima-studs-rose-gold,Maxima Studs – Rose Gold
https://www.paspaley.com/jewellery/pearl-necklaces/touchstone-ruby-12mm-round-pendant-yellow-gold,Touchstone Ruby 12mm Round Pendant - Yellow Gold
https://www.paspaley.com/jewellery/pearl-necklaces/diamond-touchstone-pendant-13mm-oval-yellow-gold,Diamond Touchstone Pendant 13mm Oval  - Yellow Gold
https://www.paspaley.com/jewellery/pearl-necklaces/pearls-my-way-pave-pendant-14mm-round-white-gold,Pearls My Way Pave Pendant 14mm Round - White Gold
https://www.paspaley.com/jewellery/pearl-necklaces/monsoon-wildflower-collier-yellow-gold,Monsoon Wildflower Collier - Yellow Gold
https://www.paspaley.com/jewellery/pearl-necklaces/monsoon-large-cicada-pendant-yellow-gold,Monsoon Large Cicada Pendant - Yellow Gold
https://www.paspaley.com/jewellery/pearl-necklaces/monsoon-large-cicada-pendant-white-gold,Monsoon Large Cicada Pendant - White Gold
https://www.paspaley.com/jewellery/pearl-necklaces/monsoon-budding-flower-pendant-yellow-gold,Monsoon Budding Flower Pendant - Yellow Gold
https://www.paspaley.com/jewellery/pearl-necklaces/monsoon-budding-flower-pendant-white-gold,Monsoon Budding Flower Pendant - White Gold
https://www.paspaley.com/jewellery/pearl-necklaces/monsoon-petal-pendant-necklace-yellow-gold,Monsoon Petal Pendant Necklace - Yellow Gold
https://www.paspaley.com/jewellery/pearl-necklaces/maxima-rope-necklace-rose-gold,Maxima Rope Necklace – Rose Gold
https://www.paspaley.com/jewellery/pearl-necklaces/maxima-necklet-rose-gold,Maxima Necklet – Rose Gold
https://www.paspaley.com/jewellery/pearl-necklaces/maxima-chain-necklace-rose-gold,Maxima Chain Necklace – Rose Gold
https://www.paspaley.com/jewellery/pearl-necklaces/grace-pendant-rose-gold,Grace Pendant - Rose Gold
https://www.paspaley.com/jewellery/pearl-necklaces/maxima-pearl-rope-necklace-yellow-gold,Maxima Pearl Rope Necklace - Yellow Gold
https://www.paspaley.com/jewellery/pearl-necklaces/maxima-single-pearl-necklace-white-gold,Maxima Single Pearl Necklace - White Gold
https://www.paspaley.com/jewellery/pearl-necklaces/large-grace-pendant-white-gold,Large Grace Pendant - White Gold
https://www.paspaley.com/jewellery/pearl-necklaces/bella-pendant-yellow-gold,Bella Pendant - Yellow Gold
https://www.paspaley.com/jewellery/pearl-necklaces/palais-pearl-necklace-rose-gold,Palais Pearl Necklace - Rose Gold
https://www.paspaley.com/jewellery/pearl-necklaces/palais-pearl-necklace-yellow-gold,Palais Pearl Necklace - Yellow Gold
https://www.paspaley.com/jewellery/pearl-necklaces/palais-pearl-necklace-white-gold,Palais Pearl Necklace - White Gold
https://www.paspaley.com/jewellery/pearl-necklaces/semi-round-pearl-swap-yellow-gold,Semi Round Pearl Swap - Yellow Gold
https://www.paspaley.com/jewellery/pearl-necklaces/baroque-pearl-swap-white-gold,Baroque Pearl Swap - White Gold
https://www.paspaley.com/jewellery/pearl-necklaces/rockpool-pendant-white-gold,Rockpool Pendant - White Gold
https://www.paspaley.com/jewellery/pearl-necklaces/rockpool-tanzanite-collier-platinum,Rockpool Tanzanite Collier - Platinum
https://www.paspaley.com/jewellery/pearl-necklaces/rockpool-paraiba-collier-platinum,Rockpool Paraiba Collier - Platinum
https://www.paspaley.com/jewellery/pearl-necklaces/rockpool-short-chain-yellow-gold,Rockpool Short Chain - Yellow Gold
https://www.paspaley.com/jewellery/pearl-necklaces/maxima-black-rope-necklace-white-gold,Maxima Black Rope Necklace - White Gold
https://www.paspaley.com/jewellery/pearl-necklaces/maxima-black-necklet-white-gold,Maxima Black Necklet - White Gold
https://www.paspaley.com/jewellery/pearl-necklaces/maxima-necklet-yellow-gold,Maxima Necklet - Yellow Gold
https://www.paspaley.com/jewellery/pearl-necklaces/touchstone-black-diamond-necklace-white-gold,Touchstone Black Diamond Necklace - White Gold
https://www.paspaley.com/jewellery/pearl-necklaces/touchstone-ruby-tassel-yellow-gold,Touchstone Ruby Tassel - Yellow Gold
https://www.paspaley.com/jewellery/pearl-necklaces/touchstone-ruby-necklace-yellow-gold,Touchstone Ruby Necklace - Yellow Gold
https://www.paspaley.com/jewellery/pearl-necklaces/touchstone-long-ruby-necklace-yellow-gold,Touchstone Long Ruby Necklace - Yellow Gold
https://www.paspaley.com/jewellery/pearl-necklaces/lavalier-petite-diamond-rose-gold,Lavalier Petite Diamond - Rose Gold
https://www.paspaley.com/jewellery/pearl-necklaces/lavalier-circle-rose-gold,Lavalier Circlé - Rose Gold
https://www.paspaley.com/jewellery/pearl-necklaces/lavalier-opal-hero-rose-gold,Lavalier Opal Hero - Rose Gold
https://www.paspaley.com/jewellery/pearl-necklaces/lavalier-petite-circle-yellow-gold,Lavalier Petite Circlé - Yellow Gold
https://www.paspaley.com/jewellery/pearl-necklaces/lavalier-petite-circle-white-gold,Lavalier Petite Circlé - White Gold
https://www.paspaley.com/jewellery/pearl-necklaces/lavalier-circle-yellow-gold,Lavalier Circlé - Yellow Gold
https://www.paspaley.com/jewellery/pearl-necklaces/lavalier-circle-white-gold,Lavalier Circlé - White Gold
https://www.paspaley.com/jewellery/pearl-necklaces/large-grace-pendant-yellow-gold,Large Grace Pendant - Yellow Gold
https://www.paspaley.com/jewellery/pearl-necklaces/grace-pendant-yellow-gold,Grace Pendant - Yellow Gold
https://www.paspaley.com/jewellery/pearl-necklaces/grace-pendant-white-gold,Grace Pendant - White Gold
https://www.paspaley.com/jewellery/pearl-necklaces/oval-bella-petite-pendant-yellow-gold,Oval Bella Petite Pendant - Yellow Gold
https://www.paspaley.com/jewellery/pearl-necklaces/circle-bella-petite-pendant-yellow-gold,Circlé Bella Petite Pendant - Yellow Gold
https://www.paspaley.com/jewellery/pearl-necklaces/oval-bella-petite-pendant-white-gold,Oval Bella Petite Pendant - White Gold
https://www.paspaley.com/jewellery/pearl-necklaces/circle-bella-petite-pendant-white-gold,Circlé Bella Petite Pendant - White Gold
https://www.paspaley.com/jewellery/pearl-necklaces/bella-pendant-white-gold,Bella Pendant - White Gold
https://www.paspaley.com/jewellery/pearl-necklaces/rockpool-petite-pendant-white-gold,Rockpool Petite Pendant - White Gold
https://www.paspaley.com/jewellery/pearl-necklaces/rockpool-long-chain-white-gold,Rockpool Long Chain - White Gold
https://www.paspaley.com/jewellery/pearl-necklaces/rockpool-pendant-yellow-gold,Rockpool Pendant - Yellow Gold
https://www.paspaley.com/jewellery/pearl-necklaces/maxima-rope-necklace-yellow-gold,Maxima Rope Necklace - Yellow Gold
https://www.paspaley.com/jewellery/pearl-necklaces/rockpool-petite-pendant-yellow-gold,Rockpool Petite Pendant - Yellow Gold
https://www.paspaley.com/jewellery/pearl-rings/monsoon-wildflower-ring-yellow-gold,Monsoon Wildflower Ring - Yellow Gold
https://www.paspaley.com/jewellery/pearl-rings/monsoon-large-button-ring-yellow-gold,Monsoon Large Button Ring - Yellow Gold
https://www.paspaley.com/jewellery/pearl-rings/monsoon-large-button-ring-white-gold,Monsoon Large Button Ring - White Gold
https://www.paspaley.com/jewellery/pearl-rings/monsoon-wrap-ring-yellow-gold,Monsoon Wrap Ring - Yellow Gold
https://www.paspaley.com/jewellery/pearl-rings/monsoon-wrap-ring-white-gold,Monsoon Wrap Ring - White Gold
https://www.paspaley.com/jewellery/pearl-rings/maxima-snake-ring-rose-gold,Maxima Snake Ring – Rose Gold
https://www.paspaley.com/jewellery/pearl-rings/maxima-ring-rose-gold,Maxima Ring – Rose Gold
https://www.paspaley.com/jewellery/pearl-rings/maxima-snake-ring-yellow-gold,Maxima Snake Ring - Yellow Gold
https://www.paspaley.com/jewellery/pearl-rings/maxima-black-ring-white-gold,Maxima Black Ring - White Gold
https://www.paspaley.com/jewellery/pearl-rings/maxima-ring-yellow-gold,Maxima Ring - Yellow Gold
https://www.paspaley.com/jewellery/pearl-rings/touchstone-diamond-ring-yellow-gold,Touchstone Diamond Ring - Yellow Gold
https://www.paspaley.com/jewellery/pearl-rings/touchstone-black-diamond-ring-white-gold,Touchstone Black Diamond Ring - White Gold
https://www.paspaley.com/jewellery/pearl-rings/julia-ring-yellow-gold,Julia Ring - Yellow Gold
https://www.paspaley.com/jewellery/pearl-rings/julia-ring-white-gold,Julia Ring - White Gold
https://www.paspaley.com/jewellery/pearl-rings/keshi-eternity-ring-yellow-gold,Keshi Eternity Ring - Yellow Gold
https://www.paspaley.com/jewellery/pearl-rings/keshi-eternity-ring-white-gold,Keshi Eternity Ring - White Gold
https://www.paspaley.com/jewellery/pearl-rings/pave-cherish-ring-yellow-gold,Pave Cherish Ring - Yellow Gold
https://www.paspaley.com/jewellery/pearl-rings/pave-cherish-ring-white-gold,Pavé Cherish Ring - White Gold
https://www.paspaley.com/jewellery/pearl-rings/embrace-the-sea-ring-yellow-gold,Embrace the Sea Ring - Yellow Gold
https://www.paspaley.com/jewellery/pearl-rings/keshi-cluster-ring-yellow-gold,Keshi Cluster Ring - Yellow Gold
https://www.paspaley.com/jewellery/pearl-rings/rockpool-ring-white-gold,Rockpool Ring - White Gold
https://www.paspaley.com/jewellery/pearl-rings/touchstone-ruby-ring-yellow-gold,Touchstone Ruby Ring - Yellow Gold
