product,name,description,flowerydescription,availability,sku,price
baroque-strand,Baroque Strand,"Paspaley 44.5cm choker length strand featuring 28, 13-16mm baroque pearls. Identified by the Paspaley Strand Signature, a brilliant cut diamond set seamlessly in the end pearl.","This unique baroque strand is expertly matched in colour, size, shape and lustre by our skilled graders, featuring the world’s most refined stringing technique. Paspaley’s clasp mechanism enables you to instantly personalise your strand with one of our beautiful, interchangeable claps. 

All Paspaley strands are unique and price is indicative of the strand pictured. 
For more information on other available strands visit a boutique or contact the Personal Shopper

    	
		Paspaley 44.5cm choker length strand featuring 28, 13-16mm baroque pearls. Identified by the Paspaley Strand Signature, a brilliant cut diamond set seamlessly in the end pearl.",Out of stock,SKU    SCPQ1316001,"AUD 49,800.00"
gold-keshi-rhapsody,Gold Keshi Rhapsody,"Paspaley 240cm length Rhapsody strand featuring 275, 6-9mm multi coloured keshi baroque pearls. Identified by the Paspaley Strand Signature, a brilliant cut diamond set seamlessly in the end pearl.","Each Rhapsody strand is one-of-a-kind. These fluid strands feature a myriad of beautiful pearl shapes and sizes. Each can be playfully detached into bracelets and smaller necklaces.

    	
		Paspaley 240cm length Rhapsody strand featuring 275, 6-9mm multi coloured keshi baroque pearls. Identified by the Paspaley Strand Signature, a brilliant cut diamond set seamlessly in the end pearl.",Out of stock,SKU    SUKQ0609005,"AUD 78,800.00"
keshi-rope-strand-of-the-harvest,Keshi Rope Strand of The Harvest,"Paspaley Rope Pearl Strand necklace featuring 110, 8-10mm Australian Keshi South Sea Baroque pearls, and 1 yellow diamond. Identified by the Paspaley Strand Signature, a brilliant cut diamond set seamlessly in the end pearl.","This pearl strand has been expertly matched in colour, size, shape and lustre by our skilled graders and features the world’s most refined stringing technique. A unique interchangeable clasp mechanism enables you to instantly personalise your look. All Paspaley strands are unique and price is indicative of the strand pictured. For more information on other available strands visit a boutique or contact the Personal Shopper.

    	
		Paspaley Rope Pearl Strand necklace featuring 110, 8-10mm Australian Keshi South Sea Baroque pearls, and 1 yellow diamond. Identified by the Paspaley Strand Signature, a brilliant cut diamond set seamlessly in the end pearl.",Out of stock,SKU    SRKQ0810001,"AUD 42,800.00"
pearl-accessories-black-spinel-cascade-white-gold,Black Spinel Cascade - White Gold,"Paspaley 12 strand necklace in 18kt white gold, with black spinels. Length 43cm. Pearl sold separately.","This necklace features 12 black spinel strands, woven together to create this unique black necklace. Wear with your favourite Paspaley pearl clasp.

    	
		Paspaley 12 strand necklace in 18kt white gold, with black spinels. Length 43cm. Pearl sold separately.",In stock,SKU    C00N10W43,"AUD 4,290.00"
pearl-accessories-chalif-cascade-chain-yellow-gold,Chalif Cascade Chain - Yellow Gold,"Paspaley chain with 18kt yellow gold key ends. Length 42cm, width 2.7mm. Pearl sold separately.","This necklace features woven strands of delicate yellow gold. Pair with your favourite Paspaley clasp to create your unique look.

    	
		Paspaley chain with 18kt yellow gold key ends. Length 42cm, width 2.7mm. Pearl sold separately.",In stock,SKU    C00C80Y2742,"AUD 2,460.00"
pearl-accessories-fine-key-end-nitrile-white-gold,Fine Key End Nitrile - White Gold,"Paspaley nitrile cord featuring 18kt white gold key ends, width 3mm. Pearl sold separately.","This nitrile cord is perfectly finished with white gold key ends and can be worn with a single pearl or your favourite clasp.

    	
		Paspaley nitrile cord featuring 18kt white gold key ends, width 3mm. Pearl sold separately.",In stock,SKU    DC00C50W30,AUD 390.00
pearl-accessories-fine-key-end-nitrile-yellow-gold,Fine Key End Nitrile - Yellow Gold,"Paspaley nitrile cord featuring 18kt yellow gold key ends, width 3mm. Pearl sold separately.","This nitrile cord is perfectly finished with yellow gold key ends and can be worn with a single pearl or your favourite clasp.

    	
		Paspaley nitrile cord featuring 18kt yellow gold key ends, width 3mm. Pearl sold separately.",In stock,SKU    DC00C50Y30,AUD 390.00
pearl-accessories-fine-mirror-trace-chain-rose-gold,Fine Mirror Trace Chain - Rose Gold,"Paspaley chain in 18kt rose gold, with 6 white diamonds on clasp (0.03ct), chain width 1.6mm.","This classic rose gold chain features a mirror-like finish and precious diamond clasp.

    	
		Paspaley chain in 18kt rose gold, with 6 white diamonds on clasp (0.03ct), chain width 1.6mm.",In stock,SKU    DC00C00R16,AUD 740.00
pearl-accessories-fine-mirror-trace-chain-white-gold,Fine Mirror Trace Chain - White Gold,"Paspaley chain in 18kt white gold, with 6 white diamonds on clasp (0.03ct), width 1.6mm.","This classic white gold chain features a mirror-like finish and elegant diamond clasp.

    	
		Paspaley chain in 18kt white gold, with 6 white diamonds on clasp (0.03ct), width 1.6mm.",In stock,SKU    DC00C00W16,AUD 650.00
pearl-accessories-fine-mirror-trace-chain-yellow-gold,Fine Mirror Trace Chain - Yellow Gold,"Paspaley chain in 18kt yellow gold, with 6 white diamonds on clasp (0.03ct), width 1.6mm.","This classic yellow gold chain features a mirror-like finish and elegant diamond clasp.

    	
		Paspaley chain in 18kt yellow gold, with 6 white diamonds on clasp (0.03ct), width 1.6mm.",In stock,SKU    DC00C00Y16,AUD 650.00
pearl-accessories-key-end-nitrile-yellow-gold,Key End Nitrile - Yellow Gold,"Paspaley nitrile cord featuring 18kt yellow gold key ends, width 5mm. Pearl sold separately.","This nitrile cord is perfectly finished with yellow gold key ends and can be worn with a single pearl or your favourite clasp.

    	
		Paspaley nitrile cord featuring 18kt yellow gold key ends, width 5mm. Pearl sold separately.",In stock,SKU    DC00C50Y50,AUD 430.00
pearl-accessories-long-trace-chain-white-gold,Long Trace Chain - White Gold,"Paspaley chain in 18kt white gold, with 6 white diamonds on clasp (0.03ct). Length 80cm, width 1.5mm.","This beautiful white gold chain features a diamond clasp. The ideal length for a contemporary look.

    	
		Paspaley chain in 18kt white gold, with 6 white diamonds on clasp (0.03ct). Length 80cm, width 1.5mm.",In stock,SKU    C12C01W1580,"AUD 1,290.00"
pearl-accessories-nitrile-bayonet-clasp-white-gold,Nitrile Bayonet Clasp - White Gold,"Paspaley nitrile cord featuring 18kt white gold bayonet clasp, width 3mm. Pendant sold separately.","This nitrile cord is perfectly finished with white gold bayonet clasp, which can be worn with your favourite pearl pendant.

    	
		Paspaley nitrile cord featuring 18kt white gold bayonet clasp, width 3mm. Pendant sold separately.",In stock,SKU    DC00C55W30,AUD 390.00
pearl-accessories-nitrile-bayonet-clasp-yellow-gold,Nitrile Bayonet Clasp - Yellow Gold,"Paspaley nitrile cord featuring 18kt yellow gold bayonet clasp, width 3mm. Pendant sold separately.","This nitrile cord is perfectly finished with a yellow gold bayonet clasp, which can be worn with your favourite pearl.

    	
		Paspaley nitrile cord featuring 18kt yellow gold bayonet clasp, width 3mm. Pendant sold separately.",In stock,SKU    DC00C55Y30,AUD 390.00
pearl-accessories-omega-chain-white-gold,Omega Chain - White Gold,"Paspaley chain in 18kt white gold, width 1.5mm.","Effortlessly versatile, this ridged white gold omega chain can be worn alone or with your favourite pearl pendant.

    	
		Paspaley chain in 18kt white gold, width 1.5mm.",In stock,SKU    DC00C70W15,"AUD 1,210.00"
pearl-accessories-omega-chain-yellow-gold,Omega Chain - Yellow Gold,"Paspaley chain in 18kt yellow gold, width 1.5mm. Pendant sold separately.","Effortlessly versatile, this ridged yellow gold omega chain can be worn alone or with your favourite pearl pendant for a modern touch..

    	
		Paspaley chain in 18kt yellow gold, width 1.5mm. Pendant sold separately.",In stock,SKU    DC00C70Y15,"AUD 1,160.00"
pearl-accessories-paspaley-mother-of-pearl-shell,Paspaley Mother-of-Pearl shell,Paspaley Australian South Sea Mother of Pearl Shell.,"A touch of luxury. This is the rare Pinctada maxima shell which creates our beautiful pearls. The perfect gift for you or someone special.

    	
		Paspaley Australian South Sea Mother of Pearl Shell.",In stock,SKU    C00A01,AUD 100.00
pearl-accessories-pearl-cufflinks-white-gold,Pearl Cufflinks - White Gold,"Paspaley cufflinks featuring two, 11-12mm baroque keshi pearls set in 18kt white gold.","Add a unique touch to your look with a pair of beautiful Paspaley cufflinks. Also available in yellow gold.

    	
		Paspaley cufflinks featuring two, 11-12mm baroque keshi pearls set in 18kt white gold.",In stock,SKU    C00A01WKB12,"AUD 3,280.00"
pearl-bracelets-kimberley-bracelet-button-pearl,Kimberley Bracelet - Button Pearl,Paspaley bracelet featuring a 12-13mm button pearl and sandalwood.,"Jewellery with purpose.
The Kimberley bracelet is crafted in earthy sandalwood from the Kimberley and features one hand-selected Paspaley pearl. 25% of the proceeds from each bracelet is donated to the Garvan Institute of Medical Research. To nominate which type of research your donation goes to, please contact our Personal Shopper.

    	
		Paspaley bracelet featuring a 12-13mm button pearl and sandalwood.",In stock,SKU    CSRB01SPB12,"AUD 1,480.00"
pearl-bracelets-kimberley-bracelet-circle-pearl,Kimberley Bracelet - Circlé Pearl,"Paspaley bracelet featuring a 12-13mm circle pearl, with sandalwood.","Jewellery with purpose.
The Kimberley bracelet is crafted in earthy sandalwood from the Kimberley and features one hand-selected Paspaley pearl. 25% of the proceeds from each bracelet is donated to the Garvan Institute of Medical Research. To nominate which type of research your donation goes to, please contact our Personal Shopper.

    	
		Paspaley bracelet featuring a 12-13mm circle pearl, with sandalwood.",In stock,SKU    CSRB01SPC13,AUD 980.00
pearl-bracelets-kimberley-bracelet-petite-circle-pearl,Kimberley Bracelet - Petite Circlé Pearl,"Paspaley bracelet featuring a 10-11mm circle pearl, with sandalwood.","Jewellery with purpose.
The Kimberley bracelet is crafted in earthy sandalwood from the Kimberley and features one hand-selected Paspaley pearl. 25% of the proceeds from each bracelet is donated to the Garvan Institute of Medical Research. To nominate which type of research your donation goes to, please contact our Personal Shopper.

    	
		Paspaley bracelet featuring a 10-11mm circle pearl, with sandalwood.",In stock,SKU    CSRB01SPC11,AUD 680.00
pearl-bracelets-kimberley-bracelet-petite-triangle-pearl,Kimberley Bracelet - Petite Triangle pearl,"Paspaley bracelet featuring a 10-11mm triangle pearl, with sandalwood.","Jewellery with purpose.
The Kimberley bracelet is crafted in earthy sandalwood from the Kimberley and features one hand-selected Paspaley pearl. 25% of the proceeds from each bracelet is donated to the Garvan Institute of Medical Research. To nominate which type of research your donation goes to, please contact our Personal Shopper.

    	
		Paspaley bracelet featuring a 10-11mm triangle pearl, with sandalwood.",In stock,SKU    CSRB01SPT11,"AUD 1,280.00"
pearl-bracelets-kimberley-onyx-bracelet-circle-pearl,Kimberley Onyx Bracelet - Circlé Pearl,"Paspaley bracelet featuring two, 12mm circle pearls, with onyx and sandalwood beads.","Jewellery with purpose.
The Kimberley bracelet is crafted in earthy sandalwood from the Kimberley and features one hand-selected Paspaley pearl. 25% of the proceeds from each bracelet is donated to the Garvan Institute of Medical Research. To nominate which type of research your donation goes to, please contact our Personal Shopper.

    	
		Paspaley bracelet featuring two, 12mm circle pearls, with onyx and sandalwood beads.",In stock,SKU    CSRB02XPC12,"AUD 1,680.00"
pearl-bracelets-kimberley-onyx-bracelet-round-pearl,Kimberley Onyx Bracelet - Round Pearl,"Paspaley bracelet featuring two, 12mm round pearls, with onyx and sandalwood beads.","Jewellery with purpose.
The Kimberley bracelet is crafted in earthy sandalwood from the Kimberley and features one hand-selected Paspaley pearl. 25% of the proceeds from each bracelet is donated to the Garvan Institute of Medical Research. To nominate which type of research your donation goes to, please contact our Personal Shopper.

    	
		Paspaley bracelet featuring two, 12mm round pearls, with onyx and sandalwood beads.",In stock,SKU    CSRB02XPR12,"AUD 5,980.00"
pearl-bracelets-maxima-bracelet-yellow-gold,Maxima Bracelet - Yellow Gold,Paspaley bracelet featuring mother-of-pearl set in 18kt yellow gold with 18 white diamonds (0.30ct).,"This contemporary design features iridescent Paspaley mother-of-pearl and white diamonds, reflecting the movement of the ocean.

    	
		Paspaley bracelet featuring mother-of-pearl set in 18kt yellow gold with 18 white diamonds (0.30ct).",In stock,SKU    W15B02Y,"AUD 5,480.00"
pearl-bracelets-maxima-chain-bracelet-yellow-gold,Maxima Chain Bracelet - Yellow Gold,"Paspaley bracelet featuring mother-of-pearl set in 18kt yellow gold, with two white diamonds (0.04ct).","The perfect layering piece, this bracelet features iridescent mother-of-pearl and a delicate chain detail that pairs beautifully with your favourite Australian South Sea pearl strand bracelet.

    	
		Paspaley bracelet featuring mother-of-pearl set in 18kt yellow gold, with two white diamonds (0.04ct).",In stock,SKU    W15B01Y,"AUD 2,680.00"
pearl-bracelets-maxima-diamond-bracelet-white-gold,Maxima Diamond Bracelet - White Gold,Paspaley bracelet featuring mother-of-pearl set in 18kt white gold with 314 white diamonds (2.10ct).,"This contemporary design features iridescent Paspaley mother-of-pearl and white diamonds, reflecting the movement of the ocean.

    	
		Paspaley bracelet featuring mother-of-pearl set in 18kt white gold with 314 white diamonds (2.10ct).",In stock,SKU    W15B04W,"AUD 16,800.00"
pearl-bracelets-maxima-diamond-bracelet-yellow-gold,Maxima Diamond Bracelet - Yellow Gold,"Paspaley mother-of-pearl bracelet set in 18kt yellow gold, with 387 white diamonds (1.90ct).","Effortlessly elegant, this contemporary design is inspired by the water and is perfect for special occasions. Make each day extra special with the combination of diamonds and mother-of-pearl.

    	
		Paspaley mother-of-pearl bracelet set in 18kt yellow gold, with 387 white diamonds (1.90ct).",In stock,SKU    W17B03Y,"AUD 14,800.00"
pearl-bracelets-monsoon-wildflower-cuff-yellow-gold,Monsoon Wildflower Cuff - Yellow Gold,"Paspaley Monsoon Unique Bracelet in 750 Yellow Gold with 71, 5-12mm Keshi Baroque Australian South Sea Pearls, 95 White Diamonds (3.25ct) and 456 Yellow Diamonds (8.01ct)","Evoking the floral changes as the wet season sets in, this one-of-a-kind cuff features Paspaley keshi pearls and exceptionally rare yellow diamonds that gradually increase in tone and vibrancy.

    	
		Paspaley Monsoon Unique Bracelet in 750 Yellow Gold with 71, 5-12mm Keshi Baroque Australian South Sea Pearls, 95 White Diamonds (3.25ct) and 456 Yellow Diamonds (8.01ct)",Out of stock,SKU    Y18B07YKQ12,"AUD 218,000.00"
pearl-bracelets-odyssey-pod-bracelet-yellow-gold,Odyssey Pod Bracelet - Yellow Gold,"Paspaley bracelet featuring three, 11mm oval/drop pearls set in 18kt yellow gold, with 72 white diamonds (0.17ct).","Not just visually beautiful but beautifully wearable. Natural movement of the wrist twists to show hints of hidden diamonds around the luscious oval pearls.

    	
		Paspaley bracelet featuring three, 11mm oval/drop pearls set in 18kt yellow gold, with 72 white diamonds (0.17ct).",In stock,SKU    S12B04YPO11,"AUD 7,280.00"
pearl-bracelets-paradis-bracelet-white-gold,Paradis Bracelet - White Gold,"Paspaley bracelet featuring three, 10mm round pearls set in 18kt white gold, with 33 white diamonds (0.34ct).","Featuring three luminous Paspaley pearls, this beautiful bracleet is the perfect day to evening design.

    	
		Paspaley bracelet featuring three, 10mm round pearls set in 18kt white gold, with 33 white diamonds (0.34ct).",Out of stock,SKU    J07B01WPR10,"AUD 7,480.00"
pearl-bracelets-paradis-bracelet-yellow-gold,Paradis Bracelet - Yellow Gold,"Paspaley bracelet featuring three, 10mm round pearls set in 18kt yellow gold, with 33 white diamonds (0.34ct).","Featuring three luminous Paspaley pearls, this beautiful bracelet is the perfect day to evening design.

    	
		Paspaley bracelet featuring three, 10mm round pearls set in 18kt yellow gold, with 33 white diamonds (0.34ct).",In stock,SKU    J07B01YPR10,"AUD 7,480.00"
pearl-bracelets-rockpool-tanzanite-bracelet-platinum,Rockpool Tanzanite Bracelet - Platinum,"Paspaley Australian South Sea pearl  bracelet in platinum with 28, 4- 8mm Keshi Baroque pearls, four tanzanites (15.46ct), 602 white diamonds (6.83ct) and 50 amethysts (1.20ct).","This one-of-a-kind design combines exceptionally rare cultured pearls from Paspaley's collection with deep blue tanzanite and sparkling diamonds.

    	
		Paspaley Australian South Sea pearl  bracelet in platinum with 28, 4- 8mm Keshi Baroque pearls, four tanzanites (15.46ct), 602 white diamonds (6.83ct) and 50 amethysts (1.20ct).",Out of stock,SKU    X17B12PKQ08,"AUD 128,000.00"
pearl-bracelets-touchstone-black-diamond-bracelet-white-gold,Touchstone Black Diamond Bracelet - White Gold,"Paspaley bracelet featuring five, 11mm oval pearls set in 18kt white gold, with 100 black diamonds (0.80ct) and 12 white diamonds (0.03ct).","The perfect gift for yourself or someone special, the Touchstone black diamond bracelet features a stunning contrast between smooth Paspaley pearls and inverted black diamonds.

    	
		Paspaley bracelet featuring five, 11mm oval pearls set in 18kt white gold, with 100 black diamonds (0.80ct) and 12 white diamonds (0.03ct).",In stock,SKU    V16B02WPO11,"AUD 9,680.00"
pearl-bracelets-touchstone-ruby-bracelet-yellow-gold,Touchstone Ruby Bracelet - Yellow Gold,"Paspaley bracelet featuring five, 12mm button pearls set in 18kt yellow gold, with 100 rubies (1.00ct) and 12 white diamonds (0.02ct).","This bracelet features luminous Paspaley pearls surrounded by sparkling rubies. This contemporary design will take you effortlessly from day to night.

    	
		Paspaley bracelet featuring five, 12mm button pearls set in 18kt yellow gold, with 100 rubies (1.00ct) and 12 white diamonds (0.02ct).",In stock,SKU    V14B02YPB12,"AUD 7,280.00"
pearl-clasps-maxima-clasp-white-gold,Maxima Clasp - White Gold,"Paspaley clasp featuring mother-of-pearl set in 18kt white gold, with 102 white diamonds (0.75ct).","The Maxima clasp is the perfect accompaniment to your Paspaley pearl strand, combining iridescent mother-of-pearl and white diamonds.

    	
		Paspaley clasp featuring mother-of-pearl set in 18kt white gold, with 102 white diamonds (0.75ct).",In stock,SKU    W15L02W,"AUD 6,980.00"
pearl-clasps-maxima-clasp-yellow-gold,Maxima Clasp - Yellow Gold,Paspaley clasp featuring mother-of-pearl set in 18kt yellow gold with 24 white diamonds (0.36ct).,"The Maxima clasp is the perfect accompaniment to your Paspaley pearl strand, combining iridescent mother-of-pearl and white diamonds.

    	
		Paspaley clasp featuring mother-of-pearl set in 18kt yellow gold with 24 white diamonds (0.36ct).",In stock,SKU    W15L01Y,"AUD 4,680.00"
pearl-clasps-monsoon-budding-flower-clasp-white-gold,Monsoon Budding Flower Clasp - White Gold,Paspaley Monsoon clasp set in 18kt white gold with 66 white diamonds (0.44ct) and 162 tsavorites (2.61ct).,"Celebrating the energy of The Kimberley’s tropical environment, this clasp incorporates rich green tsavorite gems. Each one features intricately crafted three-dimensional flower buds, to create a new look for your strand.

    	
		Paspaley Monsoon clasp set in 18kt white gold with 66 white diamonds (0.44ct) and 162 tsavorites (2.61ct).",In stock,SKU    Y18L06W,"AUD 14,800.00"
pearl-clasps-monsoon-budding-flower-clasp-yellow-gold,Monsoon Budding Flower Clasp - Yellow Gold,Paspaley Monsoon clasp set in 18kt yellow gold with 66 white diamonds and 164 yellow diamonds (2.95ct).,"Taking inspiration from the wildflowers of northern Australia's wetlands, this clasp showcases the gradual progression of bloom. Each one features intricately crafted three-dimensional flower buds, to create a new look for your strand.

    	
		Paspaley Monsoon clasp set in 18kt yellow gold with 66 white diamonds and 164 yellow diamonds (2.95ct).",Out of stock,SKU    Y18L07Y,"AUD 32,800.00"
pearl-clasps-rockpool-mother-of-pearl-clasp-white-gold,Rockpool Mother-of-Pearl Clasp - White Gold,Paspaley clasp featuring mother-of-pearl set in 18kt white gold with 218 white diamonds (1.34ct). Bracelet sold separately.,"This striking clasp features iridescent mother-of-pearl and pave diamonds. The perfect addition to your Paspaley pearl bracelet or strand.

    	
		Paspaley clasp featuring mother-of-pearl set in 18kt white gold with 218 white diamonds (1.34ct). Bracelet sold separately.",In stock,SKU    X17L11W,"AUD 11,800.00"
pearl-clasps-rockpool-mother-of-pearl-clasp-yellow-gold,Rockpool Mother-of-Pearl Clasp - Yellow Gold,Paspaley clasp featuring mother-of-pearl set in 18kt yellow gold with 218 white diamonds (1.34ct). Bracelet sold separately.,"This striking clasp features iridescent mother-of-pearl and pave diamonds. The perfect addition to your Paspaley pearl bracelet or strand.

    	
		Paspaley clasp featuring mother-of-pearl set in 18kt yellow gold with 218 white diamonds (1.34ct). Bracelet sold separately.",In stock,SKU    X17L11Y,"AUD 11,800.00"
pearl-clasps-rockpool-pave-clasp-white-gold,Rockpool Pave Clasp - White Gold,Paspaley clasp featuring 504 white diamonds (2.82ct) set in 18kt white gold.,"Featuring pave set diamonds, create a unique look for your strand with this clasp. Strand sold separately.

    	
		Paspaley clasp featuring 504 white diamonds (2.82ct) set in 18kt white gold.",In stock,SKU    X17L10W,"AUD 22,800.00"
pearl-clasps-rockpool-pave-clasp-yellow-gold,Rockpool Pave Clasp - Yellow Gold,Paspaley clasp featuring 504 white diamonds (2.82ct) set in 18kt yellow gold.,"Featuring pave set diamonds, create a unique look for your strand with this clasp. Strand sold separately.

    	
		Paspaley clasp featuring 504 white diamonds (2.82ct) set in 18kt yellow gold.",In stock,SKU    X17L10Y,"AUD 22,800.00"
pearl-clasps-touchstone-black-diamond-clasp-white-gold,Touchstone Black Diamond Clasp - White Gold,"Paspaley clasp featuring 120 black diamonds (2.40ct) set in 18kt white gold, with 14 white diamonds (0.04ct).","An elegant touch, the Touchstone black diamond clasp features sculptural inverted black diamonds.

    	
		Paspaley clasp featuring 120 black diamonds (2.40ct) set in 18kt white gold, with 14 white diamonds (0.04ct).",In stock,SKU    V16L04W,"AUD 8,680.00"
pearl-earrings-button-pearl-studs-11mm,Button Pearl Studs - 11mm,"Paspaley stud earrings featuring two, 11mm button pearls set in 18kt yellow gold.","The perfect pair. Wear your Paspaley button-shaped pearl studs from day to night.

    	
		Paspaley stud earrings featuring two, 11mm button pearls set in 18kt yellow gold.",In stock,SKU    C00E41YPB11,"AUD 2,580.00"
pearl-earrings-dew-drop-earrings-platinum,Dew Drop Earrings - Platinum,"Paspaley earrings featuring two, 11mm round pearls set in 950 platinum, with four white diamonds (0.40ct).","These drop earrings feature luminous round pearls, playfully floating on a fine chain of platinum.

    	
		Paspaley earrings featuring two, 11mm round pearls set in 950 platinum, with four white diamonds (0.40ct).",In stock,SKU    K08E08PPR11,"AUD 6,980.00"
pearl-earrings-dew-drop-earrings-yellow-gold,Dew Drop Earrings - Yellow Gold,"Paspaley earrings feturing two, 11mm round pearls set in 18kt yellow gold with four white diamonds (0.40ct).","These drop earrings feature luminous round pearls, playfully floating on a fine chain of yellow gold.

    	
		Paspaley earrings feturing two, 11mm round pearls set in 18kt yellow gold with four white diamonds (0.40ct).",In stock,SKU    K08E08YPR11,"AUD 6,880.00"
pearl-earrings-diamond-shepherd-hook-earrings-13mm-round-yellow-gold,Diamond Shepherd Hook Earrings 13mm Round - Yellow Gold,"Paspaley Shepherd Hook earrings featuring two 13mm round pearls set in18kt yellow gold, with 40 white diamonds (0.21ct).","Capturing understated elegance, these earrings feature two stunning round pearls, set with diamonds to enhance the glow of the pearls.

    	
		Paspaley Shepherd Hook earrings featuring two 13mm round pearls set in18kt yellow gold, with 40 white diamonds (0.21ct).",In stock,SKU    C18E43YPR13,"AUD 9,180.00"
pearl-earrings-diamond-shepherd-hook-earrings-round-white-gold,Diamond Shepherd Hook Earrings Round - White Gold,"Paspaley Shepherd Hook earrings featuring two 10mm round pearls set in18kt white gold, with 40 white diamonds (0.21ct).","These beautiful hook earrings feature two round pearls, set with diamonds to further enhance the pearl's lustre.

    	
		Paspaley Shepherd Hook earrings featuring two 10mm round pearls set in18kt white gold, with 40 white diamonds (0.21ct).",In stock,SKU    C18E43WPR10,"AUD 5,480.00"
pearl-earrings-diamond-shepherd-hook-earrings-round-yellow-gold,Diamond Shepherd Hook Earrings Round - Yellow Gold,"Paspaley Shepherd Hook earrings featuring two 10mm round pearls set in 18kt yellow gold, with 40 white diamonds (0.21ct).","These beautiful hook earrings feature two round pearls, set with diamonds to further enhance the pearl's lustre.

    	
		Paspaley Shepherd Hook earrings featuring two 10mm round pearls set in 18kt yellow gold, with 40 white diamonds (0.21ct).",In stock,SKU    C18E43YPR10,"AUD 5,480.00"
pearl-earrings-diamond-touchstone-earrings-12mm-oval-yellow-gold,Diamond Touchstone Earrings 12mm Oval  - Yellow Gold,"Paspaley earrings featuring two, 12mm oval pearls set in 18kt yellow gold, with 70 white diamonds (0.83ct)","Pearls My Way allows you to tailor your look, choose your favourite Paspaley pearls from a range of shapes and sizes then select accompanying earrings hooks. Your pearls, your way.
                                            
                                            
                                                Paspaley earrings featuring two, 12mm oval pearls set in 18kt yellow gold, with 70 white diamonds (0.83ct)",In stock,SKU    DC16E10YPO12,"AUD 8,960.00"
pearl-earrings-diamond-touchstone-earrings-14mm-baroque-white-gold,Diamond Touchstone Earrings 14mm Baroque  - White Gold,"Paspaley earrings featuring two, 14mm baroque pearls set in 18kt white gold with, 60 white diamonds (0.93ct)","Pearls My Way allows you to tailor your look, choose your favourite Paspaley pearls from a range of shapes and sizes then select accompanying earrings hooks. Your pearls, your way.

    	
		Paspaley earrings featuring two, 14mm baroque pearls set in 18kt white gold with, 60 white diamonds (0.93ct)",In stock,SKU    DC16E10WPQ14,"AUD 9,960.00"
pearl-earrings-dolce-earrings-white-gold,Dolce Earrings - White Gold,"Paspaley earrings featuring two, 13mm round pearls set in 18kt white gold.","The minimalist design of these earrings perfectly showcase the beautiful round pearls.

    	
		Paspaley earrings featuring two, 13mm round pearls set in 18kt white gold.",In stock,SKU    G06E09WPR13,"AUD 6,280.00"
pearl-earrings-grace-earrings-white-gold,Grace Earrings - White Gold,"Paspaley shepherd hook earrings featuring two, 11mm round pearls set in 18kt white gold, with two white diamonds (0.20ct).","The Grace earrings feature beautiful round pearls with sparkling diamonds on a simple hook design, crafted from white gold.

    	
		Paspaley shepherd hook earrings featuring two, 11mm round pearls set in 18kt white gold, with two white diamonds (0.20ct).",In stock,SKU    C00E44WPR11,"AUD 5,980.00"
pearl-earrings-grace-earrings-yellow-gold,Grace Earrings - Yellow Gold,"Paspaley shepherd hook earrings featuring two, 11mm round pearls set in 18kt yellow gold, with two white diamonds (0.20ct).","The Grace earrings feature beautiful round pearls with sparkling diamonds on a simple hook design, crafted from yellow gold.

    	
		Paspaley shepherd hook earrings featuring two, 11mm round pearls set in 18kt yellow gold, with two white diamonds (0.20ct).",In stock,SKU    C00E44YPR11,"AUD 5,980.00"
pearl-earrings-keshi-pearl-studs-7mm,Keshi Pearl Studs - 7mm,"Paspaley stud earrings featuring two, 7mm baroque keshi pearls set in 18kt yellow gold.","The perfect pair. Wear your Paspaley keshi pearl studs from day to night.

    	
		Paspaley stud earrings featuring two, 7mm baroque keshi pearls set in 18kt yellow gold.",In stock,SKU    C00E40YKQ07,AUD 980.00
pearl-earrings-keshi-pearl-studs-9mm,Keshi Pearl Studs - 9mm,"Paspaley stud earrings featuring two, 9mm baroque keshi pearls set in 18kt yellow gold.","The perfect pair. Wear your Paspaley keshi pearl studs from day to night.

    	
		Paspaley stud earrings featuring two, 9mm baroque keshi pearls set in 18kt yellow gold.",In stock,SKU    C00E40YKQ09,"AUD 1,680.00"
pearl-earrings-lavalier-earrings-circle-white-gold,Lavalier Earrings Circlé - White Gold,Paspaley earrings featuring two loose 12mm circlé pearls in 18ct white gold.,"These nautically inspired Lavalier earrings feature distinctive Paspaley circlé pearls encased in a white gold mesh net.

    	
		Paspaley earrings featuring two loose 12mm circlé pearls in 18ct white gold.",In stock,SKU    DH14E20WC,"AUD 5,260.00"
pearl-earrings-lavalier-earrings-circle-yellow-gold,Lavalier Earrings Circlé - Yellow Gold,Paspaley earrings featuring two loose 12mm circlé pearls in 18ct yellow gold.,"These nautically inspired Lavalier earrings feature distinctive Paspaley circlé pearls encased in a yellow gold mesh net.

    	
		Paspaley earrings featuring two loose 12mm circlé pearls in 18ct yellow gold.",In stock,SKU    DH14E20YC,"AUD 5,260.00"
pearl-earrings-lavalier-opal-hero-earrings-rose-gold,Lavalier Opal Hero Earrings - Rose Gold,"Paspaley Lavalier earrings featuring two round pearls and combining beautiful rose gold, opals and white diamonds, complete with a rare Papsaley keshi pearl.","These nautically inspired Lavalier earrings feature distinctive Paspaley Round pearls encased in a rose gold mesh net.

    	
		Paspaley Lavalier earrings featuring two round pearls and combining beautiful rose gold, opals and white diamonds, complete with a rare Papsaley keshi pearl.",In stock,SKU    DH15E30RPR,"AUD 14,760.00"
pearl-earrings-maxima-black-studs-white-gold,Maxima Black Studs - White Gold,"Paspaley studs featuring black mother-of-pearl set in 18kt white gold, with 68 white diamonds (0.15ct).","The Maxima studs feature iridescent black mother-of-pearl, with flashes of pink and green offset by a delicate diamond trim.

    	
		Paspaley studs featuring black mother-of-pearl set in 18kt white gold, with 68 white diamonds (0.15ct).",Out of stock,SKU    W17E01W,"AUD 2,680.00"
pearl-earrings-maxima-irukandji-earrings-white-gold,Maxima Irukandji Earrings - White Gold,Paspaley earrings featuring mother-of-pearl set in 18kt white gold with 16 white diamonds (0.07ct).,"Perfect for every day, these Maxima Irikangi earrings boast a contemporary design, with rainbow iridescence from every angle.

    	
		Paspaley earrings featuring mother-of-pearl set in 18kt white gold with 16 white diamonds (0.07ct).",In stock,SKU    W15E04W,"AUD 2,280.00"
pearl-earrings-maxima-pearl-earrings-white-gold,Maxima Pearl Earrings - White Gold,"Paspaley earrings featuring two, 12mm round pearls set in 18kt white gold, with mother-of-pearl and 66 white diamonds (0.40ct).","Inspired by the movement of the ocean, these earrings combine iridescent mother-of-pearl and Paspaley pearls. With the ability to remove the chain and pearls, these earrings are incredibly versatile, perfect for day or night.

    	
		Paspaley earrings featuring two, 12mm round pearls set in 18kt white gold, with mother-of-pearl and 66 white diamonds (0.40ct).",In stock,SKU    W15E05WPR12,"AUD 9,980.00"
pearl-earrings-maxima-pearls-my-way-earrings-yellow-gold,Maxima Pearls My Way Earrings - Yellow Gold,"Paspaley earrings featuring two 13mm round pearls set in 18kt yellow gold, with mother-of-pearl and 88 white diamonds (0.35ct).","The Maxima clips feature rainbow-flecked mother-of-pearl, complemented by a delicate trim of diamonds. Just add your favourite Paspaley pearls or mother-of-pearl pendants.

    	
		Paspaley earrings featuring two 13mm round pearls set in 18kt yellow gold, with mother-of-pearl and 88 white diamonds (0.35ct).",In stock,SKU    DW17E03YPR13,"AUD 10,660.00"
pearl-earrings-maxima-pearls-my-way-rose-gold,Maxima Pearls My Way – Rose Gold,"Paspaley earrings featuring two, 13mm round pearls, with two Australian opals and 14 white diamonds (0.10ct), set in 18kt rose gold.","The Maxima clips feature rainbow-flecked opals, complemented by rose gold and sparkling diamonds. Just add your favourite Paspaley pearls to create your unique look.

    	
		Paspaley earrings featuring two, 13mm round pearls, with two Australian opals and 14 white diamonds (0.10ct), set in 18kt rose gold.",In stock,SKU    DW18E05RPR13,"AUD 12,660.00"
pearl-earrings-maxima-stud-earrings-yellow-gold,Maxima Stud Earrings - Yellow Gold,Paspaley earrings featuring mother-of-pearl set in 18kt yellow gold.,"These versatile Maxima mother-of-pearl stud earrings are the perfect complement to your Paspaley pearl jewellery.

    	
		Paspaley earrings featuring mother-of-pearl set in 18kt yellow gold.",In stock,SKU    W15E01Y,AUD 980.00
pearl-earrings-maxima-studs-rose-gold,Maxima Studs – Rose Gold,"Paspaley earrings with two Australian opals (1.30ct) and 14 white diamonds (0.07ct), set in 18kt rose gold.","The Maxima studs feature iridescent opals, set in rose gold with sparkling diamonds; tones are reminiscent of a Kimberley sunset.

    	
		Paspaley earrings with two Australian opals (1.30ct) and 14 white diamonds (0.07ct), set in 18kt rose gold.",In stock,SKU    W18E06R,"AUD 3,980.00"
pearl-earrings-monsoon-budding-flower-earrings-white-gold,Monsoon Budding Flower Earrings - White Gold,"Paspaley Monsoon earrings featuring 2, 10mm oval drop Australian South Sea pearls set in 18kt white gold, with 64 white diamonds (0.44ct) and 396 tsavorites (4.92ct).","Celebrating the vibrancy of The Kimberley’s tropical environment, these earrings feature rich green tsavorites and luminous Paspaley pearls. Each piece is intricately crafted with three-dimensional flower buds, to encase a rare pearl.

    	
		Paspaley Monsoon earrings featuring 2, 10mm oval drop Australian South Sea pearls set in 18kt white gold, with 64 white diamonds (0.44ct) and 396 tsavorites (4.92ct).",Out of stock,SKU    Y18E06WPD10,"AUD 26,800.00"
pearl-earrings-monsoon-budding-flower-earrings-yellow-gold,Monsoon Budding Flower Earrings - Yellow Gold,"Paspaley Monsoon earrings featuring 2, 10mm oval drop Australian South Sea pearls set in 18kt yellow gold, with 393 yellow diamonds and 64 white diamonds (5.36ct).","Taking inspiration from the native wildflowers of northern Australia's wetlands, these earrings capture the gradual progression of bloom. Each handcrafted petal is designed to move and reveals a beautiful pearl hidden inside.

    	
		Paspaley Monsoon earrings featuring 2, 10mm oval drop Australian South Sea pearls set in 18kt yellow gold, with 393 yellow diamonds and 64 white diamonds (5.36ct).",Out of stock,SKU    Y18E07YPD10,"AUD 48,800.00"
pearl-earrings-monsoon-chandelier-earrings-white-gold,Monsoon Chandelier Earrings - White Gold,"Paspaley Monsoon Earrings in 750 White Gold with 4, 10mm Round, 2, 10mm Oval Australian South Sea Pearls and 308 White Diamonds (3.03ct)","Embodying the abundance that follows monsoonal rains, these chandelier earrings glisten with diamonds and drip with pearls.

    	
		Paspaley Monsoon Earrings in 750 White Gold with 4, 10mm Round, 2, 10mm Oval Australian South Sea Pearls and 308 White Diamonds (3.03ct)",Out of stock,SKU    Y18E02WPR10,"AUD 32,800.00"
pearl-earrings-monsoon-chandelier-earrings-yellow-gold,Monsoon Chandelier Earrings - Yellow Gold,"Paspaley Monsoon Earrings in 750 Yellow Gold with 4, 10mm Round, 2, 10mm Oval Australian South Sea Pearls and 308 White Diamonds (3.03ct).","Embodying the abundance that follows monsoonal rains, these chandelier earrings glisten with diamonds and drip with pearls.

    	
		Paspaley Monsoon Earrings in 750 Yellow Gold with 4, 10mm Round, 2, 10mm Oval Australian South Sea Pearls and 308 White Diamonds (3.03ct).",Out of stock,SKU    Y18E02YPR10,"AUD 32,800.00"
pearl-earrings-monsoon-cicada-earrings-white-gold,Monsoon Cicada Earrings - White Gold,"Paspaley Monsoon earrings featuring 2, 13mm oval drop Australian South Sea pearls set in 18kt white gold, with 4 emeralds and 574 white diamonds (3.25ct).","Showcasing exceptional craftsmanship, the delicately crafted wings of these earrings can be worn closed or open to reveal a Paspaley pearl hidden beneath.

    	
		Paspaley Monsoon earrings featuring 2, 13mm oval drop Australian South Sea pearls set in 18kt white gold, with 4 emeralds and 574 white diamonds (3.25ct).",Out of stock,SKU    Y18E30WPD13,"AUD 32,800.00"
pearl-earrings-monsoon-cicada-earrings-yellow-gold,Monsoon Cicada Earrings - Yellow Gold,"Paspaley Monsoon earrings featuring 2, 13mm oval drop Australian South Sea pearls set in 18kt yellow gold, with 4 emeralds and 574 white diamonds (3.25ct).","Showcasing exceptional craftsmanship, the delicately crafted wings of these earrings can be worn closed or open, to reveal a Paspaley pearl hidden beneath.

    	
		Paspaley Monsoon earrings featuring 2, 13mm oval drop Australian South Sea pearls set in 18kt yellow gold, with 4 emeralds and 574 white diamonds (3.25ct).",Out of stock,SKU    Y18E30YPD13,"AUD 32,800.00"
pearl-earrings-monsoon-double-petal-earrings-white-gold,Monsoon Double Petal Earrings - White Gold,"Paspaley Monsoon earrings featuring 4, 8-9mm keshi baroque Australian South Sea pearls set in 18kt white gold, with 247 white diamonds (1.71ct).","These earrings capture the rebirth of nature after monsoonal rains. Delicate petals sparkle with diamonds, while each one has been handcrafted to drip with keshi pearls.

    	
		Paspaley Monsoon earrings featuring 4, 8-9mm keshi baroque Australian South Sea pearls set in 18kt white gold, with 247 white diamonds (1.71ct).",In stock,SKU    DY18E03WKQ09,"AUD 22,780.00"
pearl-earrings-monsoon-double-petal-earrings-yellow-gold,Monsoon Double Petal Earrings - Yellow Gold,"Paspaley Monsoon earrings featuring 4, 8-9mm keshi baroque Australian South Sea pearls set in 18kt yellow gold, with 247 white diamonds (1.71ct).","These earrings capture the rebirth of nature after monsoonal rains. Delicate petals sparkle with diamonds, while each one has been handcrafted to drip with keshi pearls.

    	
		Paspaley Monsoon earrings featuring 4, 8-9mm keshi baroque Australian South Sea pearls set in 18kt yellow gold, with 247 white diamonds (1.71ct).",Out of stock,SKU    DY18E03YKQ09,"AUD 22,780.00"
pearl-earrings-monsoon-earring-enhancer-l-r-white-gold,Monsoon Earring Enhancer L+R - White Gold,none,none,Out of stock,SKU    DY18AE01WLR,"AUD 3,360.00"
pearl-earrings-monsoon-earring-enhancer-l-r-yellow-gold,Monsoon Earring Enhancer L+R - Yellow Gold,none,none,In stock,SKU    DY18AE01YLR,"AUD 3,360.00"
pearl-earrings-monsoon-earring-enhancer-left-white-gold,Monsoon Earring Enhancer Left - White Gold,none,none,Out of stock,SKU    Y18AE01WL,"AUD 1,680.00"
pearl-earrings-monsoon-earring-enhancer-left-yellow-gold,Monsoon Earring Enhancer Left - Yellow Gold,none,none,Out of stock,SKU    Y18AE01YL,"AUD 1,680.00"
pearl-earrings-monsoon-earring-enhancer-right-white-gold,Monsoon Earring Enhancer Right - White Gold,none,none,Out of stock,SKU    Y18AE01WR,"AUD 1,680.00"
pearl-earrings-monsoon-earring-enhancer-right-yellow-gold,Monsoon Earring Enhancer Right - Yellow Gold,none,none,In stock,SKU    Y18AE01YR,"AUD 1,680.00"
pearl-earrings-monsoon-earring-enhancer-white-gold,Monsoon Earring Enhancer - White Gold,Paspaley Monsoon Earring Accessory in 750 White Gold with 33 White Diamonds (0.33ct).,"Enhance your Paspaley pearl stud earrings with these special diamond-encrusted wildflower petals. Personalise the look by wearing as a pair or individually. Pearl stud sold separately.

    	
		Paspaley Monsoon Earring Accessory in 750 White Gold with 33 White Diamonds (0.33ct).",Out of stock,SKU    DY18AE01W,"AUD 1,680.00"
pearl-earrings-monsoon-earring-enhancer-yellow-gold,Monsoon Earring Enhancer - Yellow Gold,Paspaley Monsoon Earring Accessory in 750 Yellow Gold with 33 White Diamonds (0.33ct).,"Enhance your Paspaley pearl stud earrings with these special diamond-encrusted wildflower petals. Personalise the look by wearing as a pair or individually. Pearl stud sold separately.

    	
		Paspaley Monsoon Earring Accessory in 750 Yellow Gold with 33 White Diamonds (0.33ct).",In stock,SKU    DY18AE01Y,"AUD 1,680.00"
pearl-earrings-monsoon-single-petal-earrings-white-gold,Monsoon Single Petal Earrings - White Gold,"Paspaley Monsoon earrings featuring 2, 9mm keshi baroque Australian South Sea pearls set in 18kt white gold, with 151 white diamonds (0.96ct).","Reflecting the rebirth of nature after monsoonal rains, these delicate petals sparkle with diamonds. Each one is specially handcrafted to house a keshi pearl inside.

    	
		Paspaley Monsoon earrings featuring 2, 9mm keshi baroque Australian South Sea pearls set in 18kt white gold, with 151 white diamonds (0.96ct).",In stock,SKU    DY18E04WKQ09,"AUD 14,960.00"
pearl-earrings-monsoon-single-petal-earrings-yellow-gold,Monsoon Single Petal Earrings - Yellow Gold,"Paspaley Monsoon earrings featuring 2, 9mm keshi baroque Australian South Sea pearls set in 18kt yellow gold, with 151 white diamonds (0.96ct).","Reflecting the rebirth of nature after monsoonal rains, these delicate petals sparkle with diamonds. Each one is specially handcrafted to house a keshi pearl inside.

    	
		Paspaley Monsoon earrings featuring 2, 9mm keshi baroque Australian South Sea pearls set in 18kt yellow gold, with 151 white diamonds (0.96ct).",Out of stock,SKU    DY18E04YKQ09,"AUD 14,960.00"
pearl-earrings-monsoon-tsavorite-chandelier-earrings,Monsoon Tsavorite Chandelier Earrings,"Paspaley Monsoon Earrings in 750 White Gold with 4, 10mm Round, 2, 10mm Oval Australian South Sea Pearls, 106 White Diamonds (0.92ct) and 200 Tsavorites (2.36ct)","Embodying the abundance that follows monsoonal rains, these chandelier earrings glisten with lucious jungle green gemstones and drip with pearls.

    	
		Paspaley Monsoon Earrings in 750 White Gold with 4, 10mm Round, 2, 10mm Oval Australian South Sea Pearls, 106 White Diamonds (0.92ct) and 200 Tsavorites (2.36ct)",Out of stock,SKU    Y18E05WPR10,"AUD 29,800.00"
pearl-earrings-pearls-my-way-10mm-circle-earrings-yellow-gold,Pearls My Way 10mm Circle Earrings - Yellow Gold,"Paspaley earrings featuring two 10mm circle pearls set in 18kt yellow gold, with six white diamonds (0.02ct).","Pearls My Way allows you to tailor your look, choose your favourite Paspaley pearls from a range of shapes and sizes then select accompanying earrings hooks. Your pearls, your way.

    	
		Paspaley earrings featuring two 10mm circle pearls set in 18kt yellow gold, with six white diamonds (0.02ct).",In stock,SKU    DC16E02YPC10,"AUD 2,460.00"
pearl-earrings-pearls-my-way-10mm-oval-earrings-white-gold,Pearls My Way 10mm Oval Earrings - White Gold,"Paspaley earrings featuring two, 10mm oval pearls set in 18kt white gold with 12 white diamonds (0.04ct)","Pearls My Way allows you to tailor your look, choose your favourite Paspaley pearls from a range of shapes and sizes then select accompanying earrings hooks. Your pearls, your way.

    	
		Paspaley earrings featuring two, 10mm oval pearls set in 18kt white gold with 12 white diamonds (0.04ct)",In stock,SKU    DC16E02WPO10,"AUD 4,160.00"
pearl-earrings-pearls-my-way-diamond-earrings-10mm-oval-yellow-gold,Pearls My Way Diamond Earrings 10mm Oval - Yellow Gold,"Paspaley earrings featuring two, 10mm oval pearls set in 18kt yellow gold with 30 white diamonds (0.23ct)","Pearls My Way allows you to tailor your look, choose your favourite Paspaley pearls from a range of shapes and sizes then select accompanying earrings hooks. Your pearls, your way.

    	
		Paspaley earrings featuring two, 10mm oval pearls set in 18kt yellow gold with 30 white diamonds (0.23ct)",In stock,SKU    DC16E05YPO10,"AUD 5,760.00"
pearl-earrings-pearls-my-way-diamond-earrings-12mm-oval-white-gold,Pearls My Way Diamond Earrings 12mm Oval  - White Gold,"Paspaley earrings featuring two 12mm oval pearls set in 18kt white gold, with 30 white diamonds (0.23ct).","Pearls My Way allows you to tailor your look, choose your favourite Paspaley pearls from a range of shapes and sizes then select accompanying earrings hooks. Your pearls, your way.

    	
		Paspaley earrings featuring two 12mm oval pearls set in 18kt white gold, with 30 white diamonds (0.23ct).",In stock,SKU    DC16E05WPO12,"AUD 6,260.00"
pearl-earrings-pearls-my-way-pave-earrings-13mm-round-white-gold,Pearls My Way Pave Earrings 13mm Round - White Gold,"Paspaley earrings featuring two, 13mm round pearls set in 18kt white gold with 72 white diamonds (0.65ct)","Pearls My Way allows you to tailor your look, choose your favourite Paspaley pearls from a range of shapes and sizes then select accompanying earrings hooks. Your pearls, your way.

    	
		Paspaley earrings featuring two, 13mm round pearls set in 18kt white gold with 72 white diamonds (0.65ct)",In stock,SKU    DC16E06WPR13,"AUD 11,960.00"
pearl-earrings-rockpool-clam-shell-earrings-white-gold,Rockpool Clam Shell Earrings - White Gold,"Paspaley earrings featuring two, 5mm keshi baroque pearls set in 18kt white gold, with 278 white diamonds (1.76ct) and mother-of-pearl.","These beautiful earrings feature hidden keshi pearls that only the wearer knows exist. Each piece of hand-carved mother-of-pearl is covered with diamonds, mimicking grains of sand that naturally cover shells on the beach.

    	
		Paspaley earrings featuring two, 5mm keshi baroque pearls set in 18kt white gold, with 278 white diamonds (1.76ct) and mother-of-pearl.",In stock,SKU    DC16E06WX17AE11,"AUD 14,560.00"
pearl-earrings-rockpool-clam-shell-earrings-yellow-gold,Rockpool Clam Shell Earrings - Yellow Gold,"Paspaley earrings featuring two, 5mm keshi baroque pearls set in 18kt yellow gold, with 278 white diamonds (1.76ct) and mother-of-pearl.","These beautiful earrings feature hidden keshi pearls that only the wearer knows exist. Each piece of hand-carved mother-of-pearl is covered with diamonds, mimicking grains of sand that naturally cover shells on the beach.

    	
		Paspaley earrings featuring two, 5mm keshi baroque pearls set in 18kt yellow gold, with 278 white diamonds (1.76ct) and mother-of-pearl.",In stock,SKU    DC16E06YX17AE11,"AUD 14,560.00"
pearl-earrings-rockpool-cluster-earrings-platinum,Rockpool Cluster Earrings - Platinum,"Paspaley earrings featuring six, 6mm keshi baroque pearls set in platinum with and two white diamonds (0.37ct).","These earrings feature exceptionally rare keshi pearls – of which only a small quantity is discovered each year. As an added touch, these triple keshi pearl studs also boast a rare trillion cut diamond at the centre.

    	
		Paspaley earrings featuring six, 6mm keshi baroque pearls set in platinum with and two white diamonds (0.37ct).",In stock,SKU    X17E13PKQ06,"AUD 8,880.00"
pearl-earrings-rockpool-paraiba-earrings-platinum,Rockpool Paraiba Earrings - Platinum,"Paspaley earrings featuring 14, 7-9mm keshi baroque pearls set in platinum, with 2 Paraiba tourmalines (7.86ct) and 197 white diamonds (1.89ct).","At the centre of these earrings is one of the rarest gemstones on the planet, surounded by beautiful pearl each set with the ability to quiver and rest softly on the body.

    	
		Paspaley earrings featuring 14, 7-9mm keshi baroque pearls set in platinum, with 2 Paraiba tourmalines (7.86ct) and 197 white diamonds (1.89ct).",Out of stock,SKU    X17E12PKQ09,"AUD 68,800.00"
pearl-earrings-rockpool-pave-shell-earrings-white-gold,Rockpool Pave Shell Earrings - White Gold,"Paspaley earrings featuring two, 12mm round pearls set in 18kt white gold with 724 white diamonds (2.70ct).","These earrings feature two perfectly matched, round Paspaley pearls, combined with seashells covered in pave-set diamonds that feel like the grains of sand that would naturally cover shells on the beach.

    	
		Paspaley earrings featuring two, 12mm round pearls set in 18kt white gold with 724 white diamonds (2.70ct).",Out of stock,SKU    X17E10WPR12,"AUD 29,800.00"
pearl-earrings-rockpool-pave-shell-earrings-yellow-gold,Rockpool Pave Shell Earrings - Yellow Gold,"Paspaley earrings featuring two, 12mm round pearls set in 18kt yellow gold with 724 white diamonds (2.70ct).","These earrings feature two perfectly matched, round Paspaley pearls, combined with seashells covered in pave-set diamonds that feel like the grains of sand that would naturally cover shells on the beach.

    	
		Paspaley earrings featuring two, 12mm round pearls set in 18kt yellow gold with 724 white diamonds (2.70ct).",Out of stock,SKU    X17E10YPR12,"AUD 29,800.00"
pearl-earrings-round-pearl-studs-9mm,Round Pearl Studs - 9mm,"Paspaley stud earrings featuring two, 9mm round pearls set in 18kt yellow gold.","The perfect pair. Wear your Paspaley Round pearl studs from day to night.

    	
		Paspaley stud earrings featuring two, 9mm round pearls set in 18kt yellow gold.",In stock,SKU    C00E40YPR09,"AUD 2,380.00"
pearl-earrings-shepherd-hook-earrings-circle-white-gold,Shepherd Hook Earrings Circle - White Gold,Paspaley Shepherd Hook earrings featuring two 10-11mm circlé pearls set in 18kt white gold.,"Capturing understated elegance, these earrings are as practical as they are beautiful featuring two circlé pearls.

    	
		Paspaley Shepherd Hook earrings featuring two 10-11mm circlé pearls set in 18kt white gold.",In stock,SKU    C18E42WPC11,"AUD 1,580.00"
pearl-earrings-shepherd-hook-earrings-circle-yellow-gold,Shepherd Hook Earrings Circle - Yellow Gold,Paspaley Shepherd Hook earrings featuring two 10-11mm circlé pearls set in 18kt yellow gold.,"Capturing understated elegance, these earrings are as practical as they are beautiful featuring two circlé pearls.

    	
		Paspaley Shepherd Hook earrings featuring two 10-11mm circlé pearls set in 18kt yellow gold.",In stock,SKU    C18E42YPC11,"AUD 1,580.00"
pearl-earrings-shepherd-hook-earrings-oval-white-gold,Shepherd Hook Earrings Oval - White Gold,Paspaley Shepherd Hook earrings featuring two 11mm oval pearls set in 18kt white gold.,"This contemporary style features two oval pearls set in white gold.

    	
		Paspaley Shepherd Hook earrings featuring two 11mm oval pearls set in 18kt white gold.",In stock,SKU    C18E42WPO11,"AUD 2,980.00"
pearl-earrings-shepherd-hook-earrings-oval-yellow-gold,Shepherd Hook Earrings Oval - Yellow Gold,Paspaley Shepherd Hook earrings featuring two 11mm oval pearls set in 18kt yellow gold.,"This contemporary style features two oval pearls set in yellow gold.

    	
		Paspaley Shepherd Hook earrings featuring two 11mm oval pearls set in 18kt yellow gold.",In stock,SKU    C18E42YPO11,"AUD 2,980.00"
pearl-earrings-touchstone-black-diamond-earrings-white-gold,Touchstone Black Diamond Earrings - White Gold,"Paspaley earrings featuring two, 11mm oval pearls set in 18kt white gold, with 22 black diamonds (0.77ct) and two white diamonds (0.07ct).","The perfect gift for yourself or someone special, the Touchstone earrings offer a stunning contrast between smooth Paspaley pearls and inverted black diamonds.

    	
		Paspaley earrings featuring two, 11mm oval pearls set in 18kt white gold, with 22 black diamonds (0.77ct) and two white diamonds (0.07ct).",In stock,SKU    V16E02WPO11,"AUD 6,280.00"
pearl-earrings-touchstone-ruby-earrings-yellow-gold,Touchstone Ruby Earrings - Yellow Gold,"Paspaley earrings featuring two, 12mm triangle pearls set in 18kt yellow gold, with 22 rubies (0.66ct) and two white diamonds (0.07ct).","These drop earrings combine perfectly-matched Paspaley pearls with rich red rubies and white diamonds.

    	
		Paspaley earrings featuring two, 12mm triangle pearls set in 18kt yellow gold, with 22 rubies (0.66ct) and two white diamonds (0.07ct).",Out of stock,SKU    V14E02YPT12,"AUD 4,980.00"
pearl-necklaces-baroque-pearl-swap-white-gold,Baroque Pearl Swap - White Gold,"Paspaley swap clasp featuring one, 13mm baroque pearl with an 18kt white gold mechanism. Nitrile chord and cascade available separately.","This Paspaley pearl swap captures the organic appeal of a baroque pearl. Contrast with an interchangeable nitrile chord or cascade to instantly transform your look.

    	
		Paspaley swap clasp featuring one, 13mm baroque pearl with an 18kt white gold mechanism. Nitrile chord and cascade available separately.",In stock,SKU    C00L01WPQ13,"AUD 2,280.00"
pearl-necklaces-bella-pendant-white-gold,Bella Pendant - White Gold,Paspaley pendant featuring a 13mm semi round pearl set in 18kt white gold. Chain sold separately.,"A bold white gold bale highlights your treasured pearl.

    	
		Paspaley pendant featuring a 13mm semi round pearl set in 18kt white gold. Chain sold separately.",In stock,SKU    C00P04WPS13,"AUD 3,280.00"
pearl-necklaces-bella-pendant-yellow-gold,Bella Pendant - Yellow Gold,Paspaley pendant featuring a 13mm round pearl set in 18kt yellow gold. Chain sold separately.,"A bold yellow gold bale highlights your treasured pearl.

    	
		Paspaley pendant featuring a 13mm round pearl set in 18kt yellow gold. Chain sold separately.",Out of stock,SKU    C00P04YPR13,"AUD 3,750.00"
pearl-necklaces-circle-bella-petite-pendant-white-gold,Circlé Bella Petite Pendant - White Gold,Paspaley pendant featuring a 11mm circlé pearl set in 18kt white gold. Chain sold separately.,"A bold white gold bale highlights your treasured pearl.

    	
		Paspaley pendant featuring a 11mm circlé pearl set in 18kt white gold. Chain sold separately.",In stock,SKU    C00P05WPC11,AUD 880.00
pearl-necklaces-circle-bella-petite-pendant-yellow-gold,Circlé Bella Petite Pendant - Yellow Gold,Paspaley pendant featuring a 11mm circlé pearl set in 18kt yellow gold. Chain sold separately.,"A bold yellow gold bale highlights your treasured pearl.

    	
		Paspaley pendant featuring a 11mm circlé pearl set in 18kt yellow gold. Chain sold separately.",In stock,SKU    C00P05YPC11,AUD 880.00
pearl-necklaces-diamond-touchstone-pendant-13mm-oval-yellow-gold,Diamond Touchstone Pendant 13mm Oval  - Yellow Gold,"Paspaley pendant featuring one 13mm oval pearl set in 18kt yellow gold, with 23 white diamonds (0.23ct). Chain sold separately.","Pearls My Way Pendants allow you to tailor your look, choose your favourite Paspaley pearls from a range of shapes and sizes then select your accompanying Bale. Your pearls, your way.

    	
		Paspaley pendant featuring one 13mm oval pearl set in 18kt yellow gold, with 23 white diamonds (0.23ct). Chain sold separately.",In stock,SKU    DC18P04YPO13,"AUD 5,160.00"
pearl-necklaces-grace-pendant-rose-gold,Grace Pendant - Rose Gold,"Paspaley pendant featuring a 12mm round pearl set in 18kt rose gold, with one white diamond (0.25ct). Chain sold separately.","A perfectly round pearl is complemented by a single sparkling diamond, creating a distinctive look for any occasion.

    	
		Paspaley pendant featuring a 12mm round pearl set in 18kt rose gold, with one white diamond (0.25ct). Chain sold separately.",In stock,SKU    C00P28RPR12,"AUD 4,780.00"
pearl-necklaces-grace-pendant-white-gold,Grace Pendant - White Gold,"Paspaley pendant featuring a 12mm round pearl set in 18kt white gold, with one white diamond (0.25ct). Chain sold separately.","A perfectly round pearl is complemented by a single sparkling diamond, creating a distinctive look for any occasion.

    	
		Paspaley pendant featuring a 12mm round pearl set in 18kt white gold, with one white diamond (0.25ct). Chain sold separately.",In stock,SKU    C00P28WPR12,"AUD 4,780.00"
pearl-necklaces-grace-pendant-yellow-gold,Grace Pendant - Yellow Gold,"Paspaley pendant featuring a 12mm round pearl set in 18kt yellow gold, with one white diamond (0.25ct). Chain sold separately.","A perfectly round pearl complemented by a single sparkling diamond creates a distinctive touch of glamour for a simply elegant look.

    	
		Paspaley pendant featuring a 12mm round pearl set in 18kt yellow gold, with one white diamond (0.25ct). Chain sold separately.",In stock,SKU    C00P28YPR12,"AUD 4,780.00"
pearl-necklaces-large-grace-pendant-white-gold,Large Grace Pendant - White Gold,"Paspaley pendant featuring a 14mm round pearl set in 18kt white gold, with one white diamond (0.25ct). Chain sold separately.","A perfectly round pearl is complemented by a single sparkling diamond, creating a distinctive look for any occasion.

    	
		Paspaley pendant featuring a 14mm round pearl set in 18kt white gold, with one white diamond (0.25ct). Chain sold separately.",In stock,SKU    C00P28WPR14,"AUD 5,780.00"
pearl-necklaces-large-grace-pendant-yellow-gold,Large Grace Pendant - Yellow Gold,"Paspaley pendant featuring a 14mm round pearl set in 18kt yellow gold, with one white diamond (0.25ct). Chain sold separately.","A perfectly round pearl is complemented by a single sparkling diamond, creating a distinctive look for any occasion.

    	
		Paspaley pendant featuring a 14mm round pearl set in 18kt yellow gold, with one white diamond (0.25ct). Chain sold separately.",In stock,SKU    C00P28YPR14,"AUD 5,780.00"
pearl-necklaces-lavalier-circle-rose-gold,Lavalier Circlé - Rose Gold,"Paspaley necklace featuring a loose 15mm circlé pearl encased in 18kt rose gold, with 12 white diamonds on clasp (0.03ct). Length is adjustable (40-73cm).","This signature Paspaley design enables you to create your perfect necklace. Select your favourite Paspaley pearl, which sits in a gold mesh net of your choice.

    	
		Paspaley necklace featuring a loose 15mm circlé pearl encased in 18kt rose gold, with 12 white diamonds on clasp (0.03ct). Length is adjustable (40-73cm).",In stock,SKU    DH16N01RC,"AUD 5,160.00"
pearl-necklaces-lavalier-circle-white-gold,Lavalier Circlé - White Gold,"Paspaley necklace featuring a loose 15mm circlé pearl encased in 18kt white gold, with 12 white diamonds on clasp (0.03ct). Length is adjustable (40-73cm).","This signature Paspaley design enables you to create your perfect necklace. Select your favourite Paspaley pearl, which sits in a gold mesh net of your choice.

    	
		Paspaley necklace featuring a loose 15mm circlé pearl encased in 18kt white gold, with 12 white diamonds on clasp (0.03ct). Length is adjustable (40-73cm).",In stock,SKU    DH13N01W83C,"AUD 5,160.00"
pearl-necklaces-lavalier-circle-yellow-gold,Lavalier Circlé - Yellow Gold,"Paspaley necklace featuring a loose 15mm circlé pearl encased in 18kt yellow gold, with 12 white diamonds on clasp (0.03ct). Length is adjustable (40-73cm).","This signature Paspaley design enables you to create your perfect necklace. Select your favourite Paspaley pearl, which sits in a gold mesh net of your choice.

    	
		Paspaley necklace featuring a loose 15mm circlé pearl encased in 18kt yellow gold, with 12 white diamonds on clasp (0.03ct). Length is adjustable (40-73cm).",In stock,SKU    DH13N01Y83C,"AUD 5,160.00"
pearl-necklaces-lavalier-opal-hero-rose-gold,Lavalier Opal Hero - Rose Gold,"Paspaley necklace featuring a loose 16mm round pearl encased in 18kt rose gold, with 30 opals (0.90ct), 68 white diamonds (0.90ct), and one 6mm keshi pearl. Length is adjustable (42-85cm).","This signature Paspaley design enables you to create your perfect necklace. Select your favourite Paspaley pearl, which sits in a gold mesh net of your choice. This Lavalier net combines beautiful rose gold, opals and white diamonds, complete with a rare Papsaley keshi pearl.

    	
		Paspaley necklace featuring a loose 16mm round pearl encased in 18kt rose gold, with 30 opals (0.90ct), 68 white diamonds (0.90ct), and one 6mm keshi pearl. Length is adjustable (42-85cm).",Out of stock,SKU    DH15N30RH,"AUD 25,600.00"
pearl-necklaces-lavalier-petite-circle-white-gold,Lavalier Petite Circlé - White Gold,"Paspaley necklace featuring a loose 13mm circlé pearl encased in 18ct white gold, with 12 white diamonds on claps (0.02ct). Length is adjustable (40cm-78cm).","This signature Paspaley design enables you to create your perfect necklace. Select your favourite Paspaley pearl, which sits in a gold mesh net of your choice.

    	
		Paspaley necklace featuring a loose 13mm circlé pearl encased in 18ct white gold, with 12 white diamonds on claps (0.02ct). Length is adjustable (40cm-78cm).",In stock,SKU    DH14N20WC,"AUD 3,860.00"
pearl-necklaces-lavalier-petite-circle-yellow-gold,Lavalier Petite Circlé - Yellow Gold,"Paspaley necklace featuring a loose 13mm circlé pearl encased in 18ct yellow gold, with 12 white diamonds on clasp (0.02ct). Length is adjustable (40cm-78cm).","This signature Paspaley design enables you to create your perfect necklace. Select your favourite Paspaley pearl, which sits in a gold mesh net of your choice.

    	
		Paspaley necklace featuring a loose 13mm circlé pearl encased in 18ct yellow gold, with 12 white diamonds on clasp (0.02ct). Length is adjustable (40cm-78cm).",In stock,SKU    DH14N20YC,"AUD 3,860.00"
pearl-necklaces-lavalier-petite-diamond-rose-gold,Lavalier Petite Diamond - Rose Gold,"Paspaley necklace featuring a loose 13mm circlé pearl encased in 18ct rose gold, with 51 white diamonds on clasp (0712ct). Length is adjustable (40cm-78cm).","This signature design features a precious circlé pearl entwined in fine rose gold mesh and white diamonds.

    	
		Paspaley necklace featuring a loose 13mm circlé pearl encased in 18ct rose gold, with 51 white diamonds on clasp (0712ct). Length is adjustable (40cm-78cm).",Out of stock,SKU    DH17N21RC,"AUD 8,960.00"
pearl-necklaces-maxima-black-necklet-white-gold,Maxima Black Necklet - White Gold,"Paspaley necklace set in 18kt white gold, with black mother-of-pearl and 76 white diamonds (0.30ct).","The Maxima necklet features striking black mother-of-pearl, with flashes of pink and green surrounded by a delicate trim of diamonds.

    	
		Paspaley necklace set in 18kt white gold, with black mother-of-pearl and 76 white diamonds (0.30ct).",In stock,SKU    W17N01W,"AUD 3,880.00"
pearl-necklaces-maxima-black-rope-necklace-white-gold,Maxima Black Rope Necklace - White Gold,"Paspaley necklace featuring one, 11mm round pearl and black mother-of-pearl, with 2017 white diamonds (6.10ct), set in 18kt white gold.","Designed to mimic the ocean, this modern necklace features black mother-of-pearl, hand-carved into droplet shapes, capturing movement and light.

    	
		Paspaley necklace featuring one, 11mm round pearl and black mother-of-pearl, with 2017 white diamonds (6.10ct), set in 18kt white gold.",Out of stock,SKU    W17N02WPR11,"AUD 59,800.00"
pearl-necklaces-maxima-chain-necklace-rose-gold,Maxima Chain Necklace – Rose Gold,Paspaley necklace featuring 11 Australian opals (6.35ct) and 101 white diamonds (0.60ct) set in 18kt rose gold.,"The perfect layering piece, this beautiful rose gold chain is adorned with iridescent opals with sparkling diamonds.

    	
		Paspaley necklace featuring 11 Australian opals (6.35ct) and 101 white diamonds (0.60ct) set in 18kt rose gold.",In stock,SKU    W18N05R,"AUD 17,800.00"
pearl-necklaces-maxima-necklet-rose-gold,Maxima Necklet – Rose Gold,Paspaley necklace with one Australian opal (1.10ct) and 19 white diamonds (0.12ct) set in 18kt rose gold.,"Capturing timeless beauty, this necklet sits at the nape of the neck, the singular piece of opal floating delicately on the wearer.

    	
		Paspaley necklace with one Australian opal (1.10ct) and 19 white diamonds (0.12ct) set in 18kt rose gold.",In stock,SKU    W18N06R,"AUD 3,980.00"
pearl-necklaces-maxima-necklet-yellow-gold,Maxima Necklet - Yellow Gold,"Paspaley necklace featuring mother-of-pearl set in 18kt yellow gold, with 12 white diamonds (0.05ct).","Capturing timeless beauty, this necklet sits at the nape of the neck, the singular piece of mother-of-pearl floating delicately on the wearer.

    	
		Paspaley necklace featuring mother-of-pearl set in 18kt yellow gold, with 12 white diamonds (0.05ct).",In stock,SKU    W15N01Y,"AUD 1,780.00"
pearl-necklaces-maxima-pearl-rope-necklace-yellow-gold,Maxima Pearl Rope Necklace - Yellow Gold,"Paspaley necklace featuring nine, 11-12mm round pearls set in 18kt yellow gold with mother-of-pearl and 232 white diamonds (1.2ct).","Designed to mimic the ocean, this modern necklace features mother-of-pearl, hand-carved into droplet shapes, capturing movement and light. Nine perfectly round Paspaley pearls add a further glow to this unqiue design.

    	
		Paspaley necklace featuring nine, 11-12mm round pearls set in 18kt yellow gold with mother-of-pearl and 232 white diamonds (1.2ct).",Out of stock,SKU    W15N11YPR12,"AUD 34,800.00"
pearl-necklaces-maxima-rope-necklace-rose-gold,Maxima Rope Necklace – Rose Gold,"Paspaley necklace with 23 Australian opals (13.10ct) and 197 white diamonds (1.20ct), set in 18kt rose gold.","Yours to wear draped, doubled or layered. This highly versatile rope necklace features iridescent opal, rose gold and sparkling diamonds.

    	
		Paspaley necklace with 23 Australian opals (13.10ct) and 197 white diamonds (1.20ct), set in 18kt rose gold.",Out of stock,SKU    W18N07R,"AUD 36,800.00"
pearl-necklaces-maxima-rope-necklace-yellow-gold,Maxima Rope Necklace - Yellow Gold,Paspaley necklace featuring mother-of-pearl set in 18kt yellow gold with 30 white diamonds (0.62ct).,"Yours to wear draped, doubled or layered. This highly versatile rope necklace features lustrous mother-of-pearl.

    	
		Paspaley necklace featuring mother-of-pearl set in 18kt yellow gold with 30 white diamonds (0.62ct).",In stock,SKU    W15N02Y,"AUD 9,980.00"
pearl-necklaces-maxima-single-pearl-necklace-white-gold,Maxima Single Pearl Necklace - White Gold,"Paspaley Maxima mother-of-pearl necklace featuring one, 15mm round Australian South Sea pearl set in 750 white gold with two hundred and nine white diamonds, total 1.20 carats.","One round Australian South Sea pearl is suspended from this white gold necklace, each hand crafted piece of mother-of-pearl seemingly floating on the wearer.

    	
		Paspaley Maxima mother-of-pearl necklace featuring one, 15mm round Australian South Sea pearl set in 750 white gold with two hundred and nine white diamonds, total 1.20 carats.",In stock,SKU    W15N07WPR15,"AUD 22,800.00"
pearl-necklaces-monsoon-budding-flower-pendant-white-gold,Monsoon Budding Flower Pendant - White Gold,"Paspaley Monsoon pendant featuring a 12mm oval Australian South Sea pearl set in 18kt white gold, with 45 white diamonds (0.31ct) and 201 tsavorites (2.80ct).","This pendant takes inspiration from the native wildflowers of northern Australia. It showcases the gradual progression of bloom, with rich green tsavorites and sparkling diamonds.

    	
		Paspaley Monsoon pendant featuring a 12mm oval Australian South Sea pearl set in 18kt white gold, with 45 white diamonds (0.31ct) and 201 tsavorites (2.80ct).",Out of stock,SKU    Y18P06WPO12,"AUD 16,800.00"
pearl-necklaces-monsoon-budding-flower-pendant-yellow-gold,Monsoon Budding Flower Pendant - Yellow Gold,"Paspaley Monsoon pendant featuring a 12mm oval Australian South Sea pearl set in 18kt yellow gold, with 201 yellow diamonds and 45 white diamonds (3.11ct).","This pendant showcases the gradual progression of a wildflower in bloom. Each handcrafted petal is designed to move and reveals a beautiful pearl hidden inside.

    	
		Paspaley Monsoon pendant featuring a 12mm oval Australian South Sea pearl set in 18kt yellow gold, with 201 yellow diamonds and 45 white diamonds (3.11ct).",Out of stock,SKU    Y18P07YPO12,"AUD 35,800.00"
pearl-necklaces-monsoon-large-cicada-pendant-white-gold,Monsoon Large Cicada Pendant - White Gold,"Paspaley Monsoon pendant featuring a 16mm oval drop Australian South Sea pearl set in 18kt white gold, with, 2 emeralds (0.28ct) and 438 white diamonds (2.38ct).","Symbolising the beginning of monsoon season, this cicada pendant features meticulously crafted diamond wings, which encase a rare Paspaley pearl. Chain sold separately.

    	
		Paspaley Monsoon pendant featuring a 16mm oval drop Australian South Sea pearl set in 18kt white gold, with, 2 emeralds (0.28ct) and 438 white diamonds (2.38ct).",Out of stock,SKU    Y18P30WPO16,"AUD 32,800.00"
pearl-necklaces-monsoon-large-cicada-pendant-yellow-gold,Monsoon Large Cicada Pendant - Yellow Gold,"Paspaley Monsoon pendant featuring a 16mm oval drop Australian South Sea pearl set in 18kt yellow gold, with 2 emeralds (0.28ct) and 438 white diamonds (2.38ct).","Symbolising the beginning of monsoon season, this cicada pendant features meticulously crafted diamond wings, which encase a rare Paspaley pearl. Chain sold separately.

    	
		Paspaley Monsoon pendant featuring a 16mm oval drop Australian South Sea pearl set in 18kt yellow gold, with 2 emeralds (0.28ct) and 438 white diamonds (2.38ct).",Out of stock,SKU    Y18P30YPO16,"AUD 32,800.00"
pearl-necklaces-monsoon-petal-pendant-necklace-yellow-gold,Monsoon Petal Pendant Necklace - Yellow Gold,Paspaley Monsoon Necklace in 750 Yellow Gold with a 10mm Keshi Baroque Australian South Sea Pearl and 81 White Diamonds (0.58ct). Length 52cms.,"Embodying the evolution of nature after monsoonal rains, this delicate petal pendant sparkles with diamonds. Each one is specially handcrafted to house a keshi pearl inside.
                                            
                                            
                                                Paspaley Monsoon Necklace in 750 Yellow Gold with a 10mm Keshi Baroque Australian South Sea Pearl and 81 White Diamonds (0.58ct). Length 52cms.",In stock,SKU    Y18N04YKQ10,"AUD 7,680.00"
pearl-necklaces-monsoon-wildflower-collier-yellow-gold,Monsoon Wildflower Collier - Yellow Gold,"Paspaley Monsoon Unique Collier in 750 Yellow Gold with 77, 4-11mm Keshi Baroque Australian South Sea Pearls, 82 White Diamonds (3.40ct) and 397 Yellow Diamonds (8.36ct).","This Monsoon collier features beautiful Paspaley keshi pearls, combined with yellow and white diamonds. Exceptionally rare, a collier of this size can span across many pearl harvests.

    	
		Paspaley Monsoon Unique Collier in 750 Yellow Gold with 77, 4-11mm Keshi Baroque Australian South Sea Pearls, 82 White Diamonds (3.40ct) and 397 Yellow Diamonds (8.36ct).",Out of stock,SKU    Y18N03YKQ11,"AUD 228,000.00"
pearl-necklaces-oval-bella-petite-pendant-yellow-gold,Oval Bella Petite Pendant - Yellow Gold,Paspaley pendant featuring a 11mm oval pearl set in 18kt yellow gold. Chain sold separately.,"A bold yellow gold bale highlights your treasured pearl.

    	
		Paspaley pendant featuring a 11mm oval pearl set in 18kt yellow gold. Chain sold separately.",In stock,SKU    C00P05YPO11,"AUD 1,780.00"
pearl-necklaces-palais-pearl-necklace-rose-gold,Palais Pearl Necklace - Rose Gold,"Paspaley necklace featuring a 13mm triangle pearl set in 18kt rose gold, with 12 white diamonds (0.06ct).","This minimalist design perfectly highlights a beautiful 13mm Triangle pearl.

    	
		Paspaley necklace featuring a 13mm triangle pearl set in 18kt rose gold, with 12 white diamonds (0.06ct).",Out of stock,SKU    C00N15RPT13,"AUD 2,780.00"
pearl-necklaces-palais-pearl-necklace-white-gold,Palais Pearl Necklace - White Gold,"Paspaley necklace featuring a 14mm triangle pearl set in 18kt white gold, with 30 white diamonds (0.20ct).","This minimalist design perfectly highlights a beautiful 14mm Triangle pearl.

    	
		Paspaley necklace featuring a 14mm triangle pearl set in 18kt white gold, with 30 white diamonds (0.20ct).",In stock,SKU    C00N14WPT14,"AUD 3,280.00"
pearl-necklaces-palais-pearl-necklace-yellow-gold,Palais Pearl Necklace - Yellow Gold,"Paspaley necklace featuring a 14mm triangle pearl set in 18kt yellow gold, with 30 white diamonds (0.20ct).","This minimalist design perfectly highlights a beautiful 14mm Triangle pearl.

    	
		Paspaley necklace featuring a 14mm triangle pearl set in 18kt yellow gold, with 30 white diamonds (0.20ct).",In stock,SKU    C00N14YPT14,"AUD 3,280.00"
pearl-necklaces-pearls-my-way-pave-pendant-14mm-round-white-gold,Pearls My Way Pave Pendant 14mm Round - White Gold,"Paspaley pendant featuring one 14mm round pearl set in 18kt white gold, with 49 white diamonds (0.26ct). Chain sold separately.","Pearls My Way Pendants allow you to tailor your look, choose your favourite Paspaley pearls from a range of shapes and sizes then select your accompanying Bale. Your pearls, your way.

    	
		Paspaley pendant featuring one 14mm round pearl set in 18kt white gold, with 49 white diamonds (0.26ct). Chain sold separately.",In stock,SKU    DC18P03WPR14,"AUD 8,960.00"
pearl-necklaces-rockpool-long-chain-white-gold,Rockpool Long Chain - White Gold,"Paspaley Australian South Sea Keshi chain in 18kt white gold with 20, 5mm Keshi baroque pearls and 18 white diamonds (0.44ct). Pendant sold separately.","This stunning chain features exceptionally rare keshi pearls. Pendants can be playfully added to create a unique look.

    	
		Paspaley Australian South Sea Keshi chain in 18kt white gold with 20, 5mm Keshi baroque pearls and 18 white diamonds (0.44ct). Pendant sold separately.",In stock,SKU    X17C10WKQ05,"AUD 10,800.00"
pearl-necklaces-rockpool-paraiba-collier-platinum,Rockpool Paraiba Collier - Platinum,"Paspaley collier featuring 110, 5-11mm keshi baroque pearls set in platinum, with 15 Paraiba tourmalines (82.47ct) and 521 white diamonds (11.78ct).","A one-of-a-kind beauty, this collier features some of the rarest gem-quality keshi pearls and one of the rarest gemstones on the planet. The unique colour of Paraiba tourmaline reflects the pristine blue waters of the Kimberley coastline.

    	
		Paspaley collier featuring 110, 5-11mm keshi baroque pearls set in platinum, with 15 Paraiba tourmalines (82.47ct) and 521 white diamonds (11.78ct).",Out of stock,SKU    X17N10PKQ11,"AUD 388,000.00"
pearl-necklaces-rockpool-pendant-white-gold,Rockpool Pendant - White Gold,"Paspaley pendant featuring a 6mm keshi baroque pearl set in 18kt white gold, with mother-of-pearl and 122 white diamonds (0.54ct). Chain sold separately.","This design incorporates hand-carved mother-of-pearl, from the very shells that grow Paspaley pearls. A rare Paspaley keshi pearl is suspended from the edge of the three-dimensional clam shell, which can be worn on a variety of chains, created especially for this collection.

    	
		Paspaley pendant featuring a 6mm keshi baroque pearl set in 18kt white gold, with mother-of-pearl and 122 white diamonds (0.54ct). Chain sold separately.",In stock,SKU    X17P11WKQ06,"AUD 9,280.00"
pearl-necklaces-rockpool-pendant-yellow-gold,Rockpool Pendant - Yellow Gold,"Paspaley pendant featuring a 6mm keshi baroque pearl set in 18kt yellow gold, with mother-of-pearl and 122 white diamonds (0.54ct). Chain sold separately.","An elegant statement, this piece incorporates hand-carved mother-of-pearl, from the very shells that grow Paspaley pearls. A rare Paspaley keshi pearl is suspended from the edge of the three-dimensional clam shell, which can be worn on a variety of chains, created especially for this collection.

    	
		Paspaley pendant featuring a 6mm keshi baroque pearl set in 18kt yellow gold, with mother-of-pearl and 122 white diamonds (0.54ct). Chain sold separately.",In stock,SKU    X17P11YKQ06,"AUD 9,280.00"
pearl-necklaces-rockpool-petite-pendant-white-gold,Rockpool Petite Pendant - White Gold,"Paspaley pendant featuring mother-of-pearl set in 18kt white gold, with 91 white diamonds (0.46ct). Chain sold separately.","As unique as the wearer, this striking piece incorporates hand-carved mother-of-pearl, from the very shells that grow Paspaley pearls. The three-dimensional clam shell can be worn on a variety of chains, created especially for this collection.

    	
		Paspaley pendant featuring mother-of-pearl set in 18kt white gold, with 91 white diamonds (0.46ct). Chain sold separately.",In stock,SKU    X17P10W,"AUD 7,280.00"
pearl-necklaces-rockpool-petite-pendant-yellow-gold,Rockpool Petite Pendant - Yellow Gold,"Paspaley pendant featuring mother-of-pearl set in 18kt yellow gold, with 91 white diamonds (0.46ct). Chain sold separately.","As unique as the wearer, this striking piece incorporates hand-carved mother-of-pearl, from the very shells that grow Paspaley pearls. The three-dimensional clam shell can be worn on a variety of chains, created especially for this collection.

    	
		Paspaley pendant featuring mother-of-pearl set in 18kt yellow gold, with 91 white diamonds (0.46ct). Chain sold separately.",In stock,SKU    X17P10Y,"AUD 7,280.00"
pearl-necklaces-rockpool-short-chain-yellow-gold,Rockpool Short Chain - Yellow Gold,"Paspaley necklace featuring 10, 5mm keshi baroque pearls set in 18kt yellow gold, with 12 white diamonds (0.23ct). Pendant sold separately.","This stunning chain features luminous keshi pearls. Rockpool pendants can be playfully attached to create a unique look. Pendant sold separately.

    	
		Paspaley necklace featuring 10, 5mm keshi baroque pearls set in 18kt yellow gold, with 12 white diamonds (0.23ct). Pendant sold separately.",In stock,SKU    X17C11YKQ05,"AUD 6,880.00"
pearl-necklaces-rockpool-tanzanite-collier-platinum,Rockpool Tanzanite Collier - Platinum,"Paspaley collier featuring 70, 4-6mm keshi baroque pearls set in platinum, with 10 tanzanites (55.59ct) and 1904 white diamonds (28.26ct) and 131 amethysts (3.44ct).","A unique collier combines exceptionally rare cultured pearls selected from Paspaley's collection, alongside sparkling diamonds and deep blue tanzanite.

    	
		Paspaley collier featuring 70, 4-6mm keshi baroque pearls set in platinum, with 10 tanzanites (55.59ct) and 1904 white diamonds (28.26ct) and 131 amethysts (3.44ct).",Out of stock,SKU    X17N11PKQ06,"AUD 258,000.00"
pearl-necklaces-semi-round-pearl-swap-yellow-gold,Semi Round Pearl Swap - Yellow Gold,"Paspaley swap featuring one, 14mm semi round pearl with an 18kt yellow gold mechanism. Nitrile chord and cascade available separately.","This Paspaley pearl swap captures the beauty of a Paspaley pearl. Contrast with an interchangeable nitrile chord or cascade to instantly transform your look.

    	
		Paspaley swap featuring one, 14mm semi round pearl with an 18kt yellow gold mechanism. Nitrile chord and cascade available separately.",Out of stock,SKU    C00L01YPS14,"AUD 4,480.00"
pearl-necklaces-touchstone-black-diamond-necklace-white-gold,Touchstone Black Diamond Necklace - White Gold,"Paspaley necklace featuring seven, 12mm oval pearls set in 18kt white gold, with 140 black diamonds (1.21ct) and 12 white diamonds (0.03ct).","The perfect gift for yourself or someone special, the Touchstone necklace offers a stunning contrast between smooth Paspaley pearls and inverted black diamonds.

    	
		Paspaley necklace featuring seven, 12mm oval pearls set in 18kt white gold, with 140 black diamonds (1.21ct) and 12 white diamonds (0.03ct).",In stock,SKU    V16N01WPO12,"AUD 13,800.00"
pearl-necklaces-touchstone-long-ruby-necklace-yellow-gold,Touchstone Long Ruby Necklace - Yellow Gold,"Paspaley necklace featuring 12, 12mm button pearls set in 18kt yellow gold, with 272 rubies (4.27ct).","A striking take on a classic, this necklace combines perfectly matched Paspaley pearls with rich red rubies.

    	
		Paspaley necklace featuring 12, 12mm button pearls set in 18kt yellow gold, with 272 rubies (4.27ct).",Out of stock,SKU    V14N03YPB12,"AUD 24,800.00"
pearl-necklaces-touchstone-ruby-12mm-round-pendant-yellow-gold,Touchstone Ruby 12mm Round Pendant - Yellow Gold,"Paspaley pendant featuring one, 12mm round pearl set in 18kt yellow gold, with 22 rubies (0.25ct) and 12 white diamonds (0.06ct). Chain sold separately.","Pearls My Way Pendants allow you to tailor your look, choose your favourite Paspaley pearls from a range of shapes and sizes then select your accompanying Bale. Your pearls, your way.

    	
		Paspaley pendant featuring one, 12mm round pearl set in 18kt yellow gold, with 22 rubies (0.25ct) and 12 white diamonds (0.06ct). Chain sold separately.",In stock,SKU    DC18P06YPR12,"AUD 6,760.00"
pearl-necklaces-touchstone-ruby-necklace-yellow-gold,Touchstone Ruby Necklace - Yellow Gold,"Paspaley necklace featuring a 13mm triangle pearl set in 18kt yellow gold, with ten rubies (0.10ct) and 12 white diamonds (0.03ct).","The crown of deep red rubies gives this necklace a flash of colour, while the subtle sparkle of diamonds complementing the glow of the pearl.

    	
		Paspaley necklace featuring a 13mm triangle pearl set in 18kt yellow gold, with ten rubies (0.10ct) and 12 white diamonds (0.03ct).",Out of stock,SKU    V14N04YPT13,"AUD 3,280.00"
pearl-necklaces-touchstone-ruby-tassel-yellow-gold,Touchstone Ruby Tassel - Yellow Gold,"Paspaley necklace featuring one, 13mm triangle pearl set in 18kt yellow gold, with 25 rubies (1.08ct) and 52 white diamonds (0.24ct).","This contemporary design features a free-moving pearl, set in a halo of rubies. Additional gems on the tassels add further movement and interest.

    	
		Paspaley necklace featuring one, 13mm triangle pearl set in 18kt yellow gold, with 25 rubies (1.08ct) and 52 white diamonds (0.24ct).",In stock,SKU    V14N06YPT13,"AUD 7,280.00"
pearl-rings-embrace-the-sea-ring-yellow-gold,Embrace the Sea Ring - Yellow Gold,"Paspaley ring featuring a 10mm keshi baroque pearl set in 18kt yellow gold, with 16 white diamonds (0.29ct).","This design pays tribute to the sea - the birthplace of Paspaley pearls.

    	
		Paspaley ring featuring a 10mm keshi baroque pearl set in 18kt yellow gold, with 16 white diamonds (0.29ct).",In stock,SKU    C00R12YKQ10,"AUD 3,980.00"
pearl-rings-julia-ring-white-gold,Julia Ring - White Gold,"Paspaley ring featuring a 9mm-10mm keshi baroque pearl set in 18kt white gold, with two white diamonds (0.03ct).","The Julia ring combines the organic appeal of a keshi baroque pearl, with the glimmer of beautiful white diamonds.

    	
		Paspaley ring featuring a 9mm-10mm keshi baroque pearl set in 18kt white gold, with two white diamonds (0.03ct).",In stock,SKU    DC00R02WKQ10,"AUD 1,780.00"
pearl-rings-julia-ring-yellow-gold,Julia Ring - Yellow Gold,"Paspaley ring featuring a 9mm-10mm keshi baroque pearl set in 18kt yellow gold, with two white diamonds (0.03ct).","The Julia ring combines the organic appeal of a keshi baroque pearl, with the glimmer of beautiful white diamonds.

    	
		Paspaley ring featuring a 9mm-10mm keshi baroque pearl set in 18kt yellow gold, with two white diamonds (0.03ct).",In stock,SKU    DC00R02YKQ10,"AUD 1,780.00"
pearl-rings-keshi-cluster-ring-yellow-gold,Keshi Cluster Ring - Yellow Gold,"Paspaley ring featuring three, 5mm-7mm keshi baroque pearls set in 18kt yellow gold.","This ring captures the organic appeal of keshi baroque pearls, combined to form an alluring trio.

    	
		Paspaley ring featuring three, 5mm-7mm keshi baroque pearls set in 18kt yellow gold.",In stock,SKU    C00R11YKQ05,"AUD 1,780.00"
pearl-rings-keshi-eternity-ring-white-gold,Keshi Eternity Ring - White Gold,"Paspaley ring featuring a 10mm keshi baroque pearl set in 18kt white gold, with 12 white diamonds (0.30ct).","This precious ring features a luminous keshi pearl and glistening white diamonds. The perfect ring to accompany your other Paspaley pieces.

    	
		Paspaley ring featuring a 10mm keshi baroque pearl set in 18kt white gold, with 12 white diamonds (0.30ct).",In stock,SKU    C11R10WKQ10,"AUD 3,280.00"
pearl-rings-keshi-eternity-ring-yellow-gold,Keshi Eternity Ring - Yellow Gold,"Paspaley ring featuring a 10mm keshi baroque pearl set in 18kt yellow gold, with 12 white diamonds (0.30ct).","This precious ring features a luminous keshi pearl and glistening white diamonds. The perfect ring to accompany your other Paspaley pieces.

    	
		Paspaley ring featuring a 10mm keshi baroque pearl set in 18kt yellow gold, with 12 white diamonds (0.30ct).",In stock,SKU    C11R10YKQ10,"AUD 3,280.00"
pearl-rings-maxima-black-ring-white-gold,Maxima Black Ring - White Gold,"Paspaley ring featuring black mother-of-pearl set in 18kt white gold, with 70 white diamonds (0.70ct).","Iridescent and sparking, this sculptural ring combines black mother-of-pearl with striking white diamonds.

    	
		Paspaley ring featuring black mother-of-pearl set in 18kt white gold, with 70 white diamonds (0.70ct).",In stock,SKU    DW17R01W,"AUD 6,280.00"
pearl-rings-maxima-ring-rose-gold,Maxima Ring – Rose Gold,"Paspaley ring with two Australian opals (1.50ct) and 44 white diamonds (0.50ct), set in 18kt rose gold.","Beautiful hand-carved opal is suspended from this ring exuding rainbow hues from every angle, with 44 white diamonds, all set in 18kt rose gold.

    	
		Paspaley ring with two Australian opals (1.50ct) and 44 white diamonds (0.50ct), set in 18kt rose gold.",In stock,SKU    DW18R05R,"AUD 5,980.00"
pearl-rings-maxima-ring-yellow-gold,Maxima Ring - Yellow Gold,"Paspaley ring featuring mother-of-pearl set in 18kt yellow gold, with two white diamonds.","A single piece of hand carved mother-of-pearl is suspended from this ring, excuding with rainbow hues from every angle.

    	
		Paspaley ring featuring mother-of-pearl set in 18kt yellow gold, with two white diamonds.",In stock,SKU    DW15R01Y,"AUD 1,580.00"
pearl-rings-maxima-snake-ring-rose-gold,Maxima Snake Ring – Rose Gold,"Paspaley ring with one 11mm round pearl, two Australian opals (1.40ct) and 57 white diamonds (0.60ct), set in 18kt rose gold.","This ring delicately wraps around the finger, highlighting the pearl against the striking iridescent opal, rose gold and sparkling diamonds.

    	
		Paspaley ring with one 11mm round pearl, two Australian opals (1.40ct) and 57 white diamonds (0.60ct), set in 18kt rose gold.",In stock,SKU    DW18R06RPR11,"AUD 9,880.00"
pearl-rings-maxima-snake-ring-yellow-gold,Maxima Snake Ring - Yellow Gold,"Paspaley ring featuring one, 11mm round pearl set in 18kt yellow gold, with mother-of-pearl and 57 white diamonds (0.60ct).","This ring delicately wraps around the finger, highlighting the pearl against the striking white mother-of-pearl.

    	
		Paspaley ring featuring one, 11mm round pearl set in 18kt yellow gold, with mother-of-pearl and 57 white diamonds (0.60ct).",In stock,SKU    DW17R02YPR11,"AUD 6,980.00"
pearl-rings-monsoon-large-button-ring-white-gold,Monsoon Large Button Ring - White Gold,Paspaley Monsoon Ring in 750 White Gold with a 15mm Button Australian South Sea Pearl and White Diamonds.,"The Monsoon ring features our signature petal design. Available in yellow and white gold, each cocktail ring holds a gem-quality 15mm Paspaley pearl.

    	
		Paspaley Monsoon Ring in 750 White Gold with a 15mm Button Australian South Sea Pearl and White Diamonds.",In stock,SKU    DY18R02WPB15,"AUD 24,800.00"
pearl-rings-monsoon-large-button-ring-yellow-gold,Monsoon Large Button Ring - Yellow Gold,Paspaley Monsoon Ring in 750 Yellow Gold with a 15mm Button Australian South Sea Pearl and White Diamonds.,"The Monsoon ring features our signature petal design. Available in yellow and white gold, each cocktail ring holds a gem-quality 15mm Paspaley pearl.

    	
		Paspaley Monsoon Ring in 750 Yellow Gold with a 15mm Button Australian South Sea Pearl and White Diamonds.",In stock,SKU    DY18R02YPB15,"AUD 24,800.00"
pearl-rings-monsoon-wildflower-ring-yellow-gold,Monsoon Wildflower Ring - Yellow Gold,"Paspaley Monsoon ring featuring 2, 5-11mm keshi baroque Australian South Sea pearls set in 18kt yellow gold, with 108 yellow diamonds and 36 white diamonds (2.10ct).","This handcrafted, limited edition ring features sparkling white and yellow diamonds, along with two exceptionally rare Paspaley keshi pearls.

    	
		Paspaley Monsoon ring featuring 2, 5-11mm keshi baroque Australian South Sea pearls set in 18kt yellow gold, with 108 yellow diamonds and 36 white diamonds (2.10ct).",Out of stock,SKU    Y18R06YKQ11,"AUD 24,800.00"
pearl-rings-monsoon-wrap-ring-white-gold,Monsoon Wrap Ring - White Gold,Paspaley Monsoon Ring in 750 White Gold with a 9mm Oval Australian South Sea Pearl and 69 White Diamonds (0.72ct).,"Drawing upon our signature petal design, the Monsoon wrap ring houses a beautiful Paspaley pearl.

    	
		Paspaley Monsoon Ring in 750 White Gold with a 9mm Oval Australian South Sea Pearl and 69 White Diamonds (0.72ct).",In stock,SKU    DY18R01WPO09,"AUD 6,980.00"
pearl-rings-monsoon-wrap-ring-yellow-gold,Monsoon Wrap Ring - Yellow Gold,Paspaley Monsoon Ring in 750 Yellow Gold with a 9mm Oval Australian South Sea Pearl and 69 White Diamonds (0.72ct).,"Drawing upon our signature petal design, the Monsoon wrap ring houses a beautiful Paspaley pearl.

    	
		Paspaley Monsoon Ring in 750 Yellow Gold with a 9mm Oval Australian South Sea Pearl and 69 White Diamonds (0.72ct).",In stock,SKU    DY18R01YPO09,"AUD 6,980.00"
pearl-rings-pave-cherish-ring-white-gold,Pavé Cherish Ring - White Gold,"Paspaley ring featuring a 10mm round pearl set in 18kt white gold, with 40 white diamonds (0.20ct).","This ring sees a single round pearl framed by petals of sparkling white diamonds.

    	
		Paspaley ring featuring a 10mm round pearl set in 18kt white gold, with 40 white diamonds (0.20ct).",Out of stock,SKU    C11R08WPR10,"AUD 3,980.00"
pearl-rings-pave-cherish-ring-yellow-gold,Pave Cherish Ring - Yellow Gold,"Paspaley ring featuring a 10mm round pearl set in 18kt yellow gold, with 40 white diamonds (0.20ct).","This ring sees a single round pearl framed by petals of sparkling white diamonds.

    	
		Paspaley ring featuring a 10mm round pearl set in 18kt yellow gold, with 40 white diamonds (0.20ct).",In stock,SKU    C11R08YPR10,"AUD 3,980.00"
pearl-rings-rockpool-ring-white-gold,Rockpool Ring - White Gold,"Paspaley ring featuring one, 11mm round pearl set in 18kt white gold, with 112 white diamonds (0.35ct).","A statement in style featuring a single, luminous Paspaley pearl sits atop a stunning white gold band, set with sparkling pave set diamonds.

    	
		Paspaley ring featuring one, 11mm round pearl set in 18kt white gold, with 112 white diamonds (0.35ct).",In stock,SKU    DX17R10WPR11,"AUD 7,680.00"
pearl-rings-touchstone-black-diamond-ring-white-gold,Touchstone Black Diamond Ring - White Gold,"Paspaley ring featuring a 9-10mm oval pearl set in 18kt white gold, with 39 black diamonds (0.48ct).","This sculptural ring captures a stunning contrast between a smooth Paspaley pearl and inverted black diamonds.

    	
		Paspaley ring featuring a 9-10mm oval pearl set in 18kt white gold, with 39 black diamonds (0.48ct).",Out of stock,SKU    DV16R01WPO09,"AUD 4,980.00"
pearl-rings-touchstone-diamond-ring-yellow-gold,Touchstone Diamond Ring - Yellow Gold,"Paspaley ring featuring a 9-10mm oval pearl set in 18kt yellow gold, with 39 white diamonds (0.48ct).","The Touchstone ring contrasts the smoothness of a single Paspaley pearl with inverted gemstones. The ring is designed to delicately wrap around the finger, to highlight the pearl against the luminous diamonds.

    	
		Paspaley ring featuring a 9-10mm oval pearl set in 18kt yellow gold, with 39 white diamonds (0.48ct).",In stock,SKU    DV16R01YPO09,"AUD 5,480.00"
pearl-rings-touchstone-ruby-ring-yellow-gold,Touchstone Ruby Ring - Yellow Gold,"Paspaley ring featuring a 9-10mm oval pearl set in 18kt yellow gold, with 39 rubies (0.48ct).","This sculptural ring captures a stunning contrast between a smooth Paspaley pearl and inverted red rubies.

    	
		Paspaley ring featuring a 9-10mm oval pearl set in 18kt yellow gold, with 39 rubies (0.48ct).",Out of stock,SKU    DV16R02YPO09,"AUD 4,780.00"
petite-circle-strand,Petite Circle Strand,"Paspaley 43.5cm choker length strand featuring 40, 10-12mm circle pearls. Identified by the Paspaley Strand Signature, a brilliant cut diamond set seamlessly in the end pearl.","This beautiful circle strand is expertly matched in colour, size, shape and lustre by our skilled graders, featuring the world’s most refined stringing technique. A unique clasp mechanism enables you to instantly personalise your strand with one of Paspaley’s interchangeable claps. 

All Paspaley strands are unique and price is indicative of the strand pictured. 
For more information on other available strands visit a boutique or contact the Personal Shopper.

    	
		Paspaley 43.5cm choker length strand featuring 40, 10-12mm circle pearls. Identified by the Paspaley Strand Signature, a brilliant cut diamond set seamlessly in the end pearl.",Out of stock,SKU    SCPC1012098,"AUD 9,980.00"
